origen,origen_lat,origen_lon,destino,destino_lat,destino_lon,poblacion_total
Ciudad de MÃ©xico,19.419444,-99.145556,23 MÃ©xico,19.354167,-99.630833,3109758
15 MÃ©xico,19.354167,-99.630833,Ciudad de MÃ©xico,19.419444,-99.145556,387717
21 Puebla,19.003611,-97.888333,34 MÃ©xico,19.354167,-99.630833,323633
30 Veracruz de Ignacio de la Llave,19.434722,-96.383056,56 Tamaulipas,24.287222,-98.563333,315004
24 San Luis PotosÃ­,22.603333,-100.429722,41 Nuevo LeÃ³n,25.566667,-99.970556,289887
20 Oaxaca,16.898056,-96.414167,33 MÃ©xico,19.354167,-99.630833,278479
30 Veracruz de Ignacio de la Llave,19.434722,-96.383056,43 MÃ©xico,19.354167,-99.630833,277190
43 Hidalgo,20.478333,-98.863611,27 MÃ©xico,19.354167,-99.630833,259911
25 Sinaloa,25.002778,-107.502778,25 Baja California,29.95,-115.116667,258517
31 YucatÃ¡n,20.833333,-89,52 Quintana Roo,19.6,-87.916667,237845
Ciudad de MÃ©xico,19.419444,-99.145556,30 QuerÃ©taro,20.591,-100.391,227049
Ciudad de MÃ©xico,19.419444,-99.145556,21 Hidalgo,20.478333,-98.863611,214070
28 Tamaulipas,24.287222,-98.563333,45 Nuevo LeÃ³n,25.566667,-99.970556,206571
16 MichoacÃ¡n de Ocampo,19.168611,-101.899722,29 MÃ©xico,19.354167,-99.630833,202549
21 Puebla,19.003611,-97.888333,Ciudad de MÃ©xico,19.419444,-99.145556,199115
30 Veracruz de Ignacio de la Llave,19.434722,-96.383056,47 Nuevo LeÃ³n,25.566667,-99.970556,197294
42 Guerrero,17.613056,-99.95,28 Morelos,18.7475,-99.070278,167523
20 Oaxaca,16.898056,-96.414167,Ciudad de MÃ©xico,19.419444,-99.145556,166462
30 Veracruz de Ignacio de la Llave,19.434722,-96.383056,49 Puebla,19.003611,-97.888333,164951
16 MichoacÃ¡n de Ocampo,19.168611,-101.899722,28 Jalisco,20.566667,-103.676389,162496
30 Veracruz de Ignacio de la Llave,19.434722,-96.383056,Ciudad de MÃ©xico,19.419444,-99.145556,161765
15 MÃ©xico,19.354167,-99.630833,26 Hidalgo,20.478333,-98.863611,156134
42 Guerrero,17.613056,-99.95,26 MÃ©xico,19.354167,-99.630833,150451
55 Sinaloa,25.002778,-107.502778,50 Sonora,29.646111,-110.868889,144836
27 Tabasco,17.972222,-92.588889,48 Quintana Roo,19.6,-87.916667,143685
05 Coahuila de Zaragoza,27.302222,-102.044722,23 Nuevo LeÃ³n,25.566667,-99.970556,140151
10 Durango,24.934722,-104.911944,16 Chihuahua,28.814167,-106.439444,139094
14 Jalisco,20.566667,-103.676389,14 Baja California,29.95,-115.116667,133144
54 San Luis PotosÃ­,22.603333,-100.429722,51 Tamaulipas,24.287222,-98.563333,132045
26 Sonora,29.646111,-110.868889,26 Baja California,29.95,-115.116667,131959
Ciudad de MÃ©xico,19.419444,-99.145556,22 Jalisco,20.566667,-103.676389,131366
41 Guanajuato,21.018889,-101.262778,25 MÃ©xico,19.354167,-99.630833,128556
30 Veracruz de Ignacio de la Llave,19.434722,-96.383056,51 Quintana Roo,19.6,-87.916667,127919
50 Oaxaca,16.898056,-96.414167,49 Veracruz de Ignacio de la Llave,19.434722,-96.383056,124989
Ciudad de MÃ©xico,19.419444,-99.145556,25 Morelos,18.7475,-99.070278,123686
Ciudad de MÃ©xico,19.419444,-99.145556,29 Puebla,19.003611,-97.888333,122097
16 MichoacÃ¡n de Ocampo,19.168611,-101.899722,Ciudad de MÃ©xico,19.419444,-99.145556,120952
Ciudad de MÃ©xico,19.419444,-99.145556,19 Guanajuato,21.018889,-101.262778,120520
51 Puebla,19.003611,-97.888333,50 Veracruz de Ignacio de la Llave,19.434722,-96.383056,119054
07 Chiapas,16.41,-92.408611,29 Quintana Roo,19.6,-87.916667,116657
13 Hidalgo,20.478333,-98.863611,Ciudad de MÃ©xico,19.419444,-99.145556,116438
44 Jalisco,20.566667,-103.676389,31 Nayarit,21.743889,-105.228333,115845
16 Michoacán de Ocampo,19.168611,-101.899722,16 Baja California,29.95,-115.116667,114029
54 Tamaulipas,24.287222,-98.563333,57 Veracruz de Ignacio de la Llave,19.434722,-96.383056,111940
12 Guerrero,17.613056,-99.95,Ciudad de MÃ©xico,19.419444,-99.145556,100959
Ciudad de MÃ©xico,19.419444,-99.145556,31 Quintana Roo,19.6,-87.916667,100388
32 Zacatecas,23.292778,-102.700556,44 Jalisco,20.566667,-103.676389,94588
51 Puebla,19.003611,-97.888333,49 Tlaxcala,19.428889,-98.160833,92872
07 Chiapas,16.41,-92.408611,7 Baja California,29.95,-115.116667,92176
45 MÃ©xico,19.354167,-99.630833,36 QuerÃ©taro,20.591,-100.391,92166
Ciudad de MÃ©xico,19.419444,-99.145556,38 Veracruz de Ignacio de la Llave,19.434722,-96.383056,88987
12 Guerrero,17.613056,-99.95,12 Baja California,29.95,-115.116667,87775
30 Veracruz de Ignacio de la Llave,19.434722,-96.383056,48 Oaxaca,16.898056,-96.414167,86654
30 Veracruz de Ignacio de la Llave,19.434722,-96.383056,36 Chihuahua,28.814167,-106.439444,85504
09 Ciudad de México,19.419444,-99.145556,9 Baja California,29.95,-115.116667,83351
41 Guanajuato,21.018889,-101.262778,32 QuerÃ©taro,20.591,-100.391,81051
30 Veracruz de Ignacio de la Llave,19.434722,-96.383056,30 Baja California,29.95,-115.116667,79948
Ciudad de MÃ©xico,19.419444,-99.145556,24 MichoacÃ¡n de Ocampo,19.168611,-101.899722,78284
14 Jalisco,20.566667,-103.676389,18 Colima,19.096667,-103.960833,78084
05 Coahuila de Zaragoza,27.302222,-102.044722,14 Durango,24.934722,-104.911944,77828
35 Coahuila de Zaragoza,27.302222,-102.044722,12 Chihuahua,28.814167,-106.439444,77670
11 Guanajuato,21.018889,-101.262778,Ciudad de MÃ©xico,19.419444,-99.145556,77314
10 Durango,24.934722,-104.911944,13 Coahuila de Zaragoza,27.302222,-102.044722,77230
18 Nayarit,21.743889,-105.228333,30 Jalisco,20.566667,-103.676389,76792
20 Oaxaca,16.898056,-96.414167,20 Baja California,29.95,-115.116667,75519
50 Oaxaca,16.898056,-96.414167,40 Puebla,19.003611,-97.888333,73863
18 Nayarit,21.743889,-105.228333,18 Baja California,29.95,-115.116667,72374
32 Zacatecas,23.292778,-102.700556,49 Nuevo LeÃ³n,25.566667,-99.970556,72180
45 MÃ©xico,19.354167,-99.630833,35 Puebla,19.003611,-97.888333,70627
42 Guerrero,17.613056,-99.95,27 MichoacÃ¡n de Ocampo,19.168611,-101.899722,69592
16 MichoacÃ¡n de Ocampo,19.168611,-101.899722,25 Guanajuato,21.018889,-101.262778,69285
12 Guerrero,17.613056,-99.95,13 Baja California Sur,25.846111,-111.972778,68144
49 Nuevo LeÃ³n,25.566667,-99.970556,46 Tamaulipas,24.287222,-98.563333,67766
07 Chiapas,16.41,-92.408611,33 Tabasco,17.972222,-92.588889,66548
Ciudad de MÃ©xico,19.419444,-99.145556,27 Nuevo LeÃ³n,25.566667,-99.970556,65309
32 Zacatecas,23.292778,-102.700556,31 Aguascalientes,21.880833,-102.296111,64522
45 MÃ©xico,19.354167,-99.630833,31 Morelos,18.7475,-99.070278,62088
15 MÃ©xico,19.354167,-99.630833,24 Guanajuato,21.018889,-101.262778,61224
44 Jalisco,20.566667,-103.676389,29 MichoacÃ¡n de Ocampo,19.168611,-101.899722,60983
41 Guanajuato,21.018889,-101.262778,24 Jalisco,20.566667,-103.676389,60940
27 Tabasco,17.972222,-92.588889,29 Campeche,18.836389,-90.403333,58856
14 Jalisco,20.566667,-103.676389,23 Guanajuato,21.018889,-101.262778,58475
41 Guanajuato,21.018889,-101.262778,26 MichoacÃ¡n de Ocampo,19.168611,-101.899722,57781
30 Veracruz de Ignacio de la Llave,19.434722,-96.383056,55 Tabasco,17.972222,-92.588889,57612
29 Tlaxcala,19.428889,-98.160833,48 Puebla,19.003611,-97.888333,57196
19 Nuevo León,25.566667,-99.970556,22 Coahuila de Zaragoza,27.302222,-102.044722,57165
45 MÃ©xico,19.354167,-99.630833,30 MichoacÃ¡n de Ocampo,19.168611,-101.899722,57157
Ciudad de MÃ©xico,19.419444,-99.145556,8 Aguascalientes,21.880833,-102.296111,56811
29 Tlaxcala,19.428889,-98.160833,42 MÃ©xico,19.354167,-99.630833,55651
22 QuerÃ©taro,20.591,-100.391,31 Guanajuato,21.018889,-101.262778,55106
44 Jalisco,20.566667,-103.676389,28 MÃ©xico,19.354167,-99.630833,54789
07 Chiapas,16.41,-92.408611,21 MÃ©xico,19.354167,-99.630833,54062
45 MÃ©xico,19.354167,-99.630833,44 Veracruz de Ignacio de la Llave,19.434722,-96.383056,53954
11 Guanajuato,21.018889,-101.262778,11 Baja California,29.95,-115.116667,52438
30 Veracruz de Ignacio de la Llave,19.434722,-96.383056,42 Jalisco,20.566667,-103.676389,51241
15 MÃ©xico,19.354167,-99.630833,27 Jalisco,20.566667,-103.676389,51053
06 Colima,19.096667,-103.960833,19 Jalisco,20.566667,-103.676389,51038
Ciudad de MÃ©xico,19.419444,-99.145556,39 YucatÃ¡n,20.833333,-89,50589
30 Veracruz de Ignacio de la Llave,19.434722,-96.383056,41 Hidalgo,20.478333,-98.863611,50045
17 Morelos,18.7475,-99.070278,30 MÃ©xico,19.354167,-99.630833,50011
14 Jalisco,20.566667,-103.676389,13 Aguascalientes,21.880833,-102.296111,48836
42 Guerrero,17.613056,-99.95,25 Jalisco,20.566667,-103.676389,48197
25 Sinaloa,25.002778,-107.502778,37 Jalisco,20.566667,-103.676389,48082
04 Campeche,18.836389,-90.403333,26 Quintana Roo,19.6,-87.916667,47331
Ciudad de MÃ©xico,19.419444,-99.145556,28 Oaxaca,16.898056,-96.414167,46830
25 Sinaloa,25.002778,-107.502778,26 Baja California Sur,25.846111,-111.972778,46685
22 QuerÃ©taro,20.591,-100.391,35 MÃ©xico,19.354167,-99.630833,46578
32 Zacatecas,23.292778,-102.700556,35 Coahuila de Zaragoza,27.302222,-102.044722,46153
57 Tabasco,17.972222,-92.588889,56 Veracruz de Ignacio de la Llave,19.434722,-96.383056,44682
14 Jalisco,20.566667,-103.676389,Ciudad de MÃ©xico,19.419444,-99.145556,44653
21 Puebla,19.003611,-97.888333,32 Hidalgo,20.478333,-98.863611,43964
10 Durango,24.934722,-104.911944,10 Baja California,29.95,-115.116667,43827
28 Tamaulipas,24.287222,-98.563333,50 San Luis PotosÃ­,22.603333,-100.429722,43758
04 Campeche,18.836389,-90.403333,34 YucatÃ¡n,20.833333,-89,42984
32 Zacatecas,23.292778,-102.700556,38 Chihuahua,28.814167,-106.439444,42210
21 Puebla,19.003611,-97.888333,36 Morelos,18.7475,-99.070278,42095
24 San Luis PotosÃ­,22.603333,-100.429722,37 MÃ©xico,19.354167,-99.630833,41872
01 Aguascalientes,21.880833,-102.296111,14 Jalisco,20.566667,-103.676389,41814
40 Durango,24.934722,-104.911944,34 Sinaloa,25.002778,-107.502778,41740
27 Tabasco,17.972222,-92.588889,32 Chiapas,16.41,-92.408611,40886
30 Veracruz de Ignacio de la Llave,19.434722,-96.383056,50 QuerÃ©taro,20.591,-100.391,40406
43 Hidalgo,20.478333,-98.863611,31 Nuevo LeÃ³n,25.566667,-99.970556,39917
Ciudad de MÃ©xico,19.419444,-99.145556,32 San Luis PotosÃ­,22.603333,-100.429722,39289
21 Puebla,19.003611,-97.888333,21 Baja California,29.95,-115.116667,39281
43 Hidalgo,20.478333,-98.863611,42 Veracruz de Ignacio de la Llave,19.434722,-96.383056,38970
15 México,19.354167,-99.630833,15 Baja California,29.95,-115.116667,38791
26 Sonora,29.646111,-110.868889,49 Sinaloa,25.002778,-107.502778,38389
29 Tlaxcala,19.428889,-98.160833,Ciudad de MÃ©xico,19.419444,-99.145556,37907
46 MichoacÃ¡n de Ocampo,19.168611,-101.899722,37 QuerÃ©taro,20.591,-100.391,37846
07 Chiapas,16.41,-92.408611,Ciudad de MÃ©xico,19.419444,-99.145556,37747
07 Chiapas,16.41,-92.408611,36 Veracruz de Ignacio de la Llave,19.434722,-96.383056,37665
02 Baja California,29.95,-115.116667,27 Sonora,29.646111,-110.868889,37286
40 Durango,24.934722,-104.911944,28 Nuevo LeÃ³n,25.566667,-99.970556,37257
Ciudad de MÃ©xico,19.419444,-99.145556,37 Tlaxcala,19.428889,-98.160833,37036
08 Chihuahua,28.814167,-106.439444,33 Sonora,29.646111,-110.868889,36815
57 Tabasco,17.972222,-92.588889,57 YucatÃ¡n,20.833333,-89,36671
53 Quintana Roo,19.6,-87.916667,53 YucatÃ¡n,20.833333,-89,36142
01 Aguascalientes,21.880833,-102.296111,32 Zacatecas,23.292778,-102.700556,36033
30 Veracruz de Ignacio de la Llave,19.434722,-96.383056,33 Coahuila de Zaragoza,27.302222,-102.044722,35841
43 Hidalgo,20.478333,-98.863611,34 QuerÃ©taro,20.591,-100.391,35707
16 Michoacán de Ocampo,19.168611,-101.899722,20 Colima,19.096667,-103.960833,35690
Ciudad de MÃ©xico,19.419444,-99.145556,20 Guerrero,17.613056,-99.95,35690
30 Veracruz de Ignacio de la Llave,19.434722,-96.383056,32 Campeche,18.836389,-90.403333,35686
32 Zacatecas,23.292778,-102.700556,54 San Luis PotosÃ­,22.603333,-100.429722,35262
17 Morelos,18.7475,-99.070278,Ciudad de MÃ©xico,19.419444,-99.145556,34857
44 Jalisco,20.566667,-103.676389,45 Zacatecas,23.292778,-102.700556,34740
45 MÃ©xico,19.354167,-99.630833,34 Oaxaca,16.898056,-96.414167,33785
45 MÃ©xico,19.354167,-99.630833,33 Nuevo LeÃ³n,25.566667,-99.970556,32019
08 Chihuahua,28.814167,-106.439444,17 Durango,24.934722,-104.911944,31849
42 Guerrero,17.613056,-99.95,34 Quintana Roo,19.6,-87.916667,31213
15 MÃ©xico,19.354167,-99.630833,25 Guerrero,17.613056,-99.95,30995
Ciudad de MÃ©xico,19.419444,-99.145556,36 Tamaulipas,24.287222,-98.563333,30343
43 Hidalgo,20.478333,-98.863611,33 Puebla,19.003611,-97.888333,30281
05 Coahuila de Zaragoza,27.302222,-102.044722,32 Tamaulipas,24.287222,-98.563333,30208
07 Chiapas,16.41,-92.408611,25 Nuevo LeÃ³n,25.566667,-99.970556,29985
45 MÃ©xico,19.354167,-99.630833,37 Quintana Roo,19.6,-87.916667,29880
42 Guerrero,17.613056,-99.95,36 Sinaloa,25.002778,-107.502778,28934
49 Nuevo LeÃ³n,25.566667,-99.970556,42 San Luis PotosÃ­,22.603333,-100.429722,28770
02 Baja California,29.95,-115.116667,26 Sinaloa,25.002778,-107.502778,28650
07 Chiapas,16.41,-92.408611,26 Oaxaca,16.898056,-96.414167,27956
60 Veracruz de Ignacio de la Llave,19.434722,-96.383056,60 YucatÃ¡n,20.833333,-89,27832
16 MichoacÃ¡n de Ocampo,19.168611,-101.899722,26 Guerrero,17.613056,-99.95,27028
48 Nayarit,21.743889,-105.228333,42 Sinaloa,25.002778,-107.502778,26821
09 Ciudad de México,19.419444,-99.145556,15 Chihuahua,28.814167,-106.439444,26638
42 Guerrero,17.613056,-99.95,32 Puebla,19.003611,-97.888333,26552
20 Oaxaca,16.898056,-96.414167,37 Nuevo LeÃ³n,25.566667,-99.970556,26487
32 Zacatecas,23.292778,-102.700556,32 Baja California,29.95,-115.116667,26354
08 Chihuahua,28.814167,-106.439444,11 Coahuila de Zaragoza,27.302222,-102.044722,26312
07 Chiapas,16.41,-92.408611,9 Campeche,18.836389,-90.403333,26132
20 Oaxaca,16.898056,-96.414167,26 Chihuahua,28.814167,-106.439444,25765
02 Baja California,29.95,-115.116667,15 Jalisco,20.566667,-103.676389,25532
09 Ciudad de México,19.419444,-99.145556,10 Baja California Sur,25.846111,-111.972778,24755
21 Puebla,19.003611,-97.888333,39 Oaxaca,16.898056,-96.414167,24554
24 San Luis PotosÃ­,22.603333,-100.429722,35 Hidalgo,20.478333,-98.863611,24509
22 QuerÃ©taro,20.591,-100.391,Ciudad de MÃ©xico,19.419444,-99.145556,24319
07 Chiapas,16.41,-92.408611,20 Jalisco,20.566667,-103.676389,24244
32 Zacatecas,23.292778,-102.700556,45 MÃ©xico,19.354167,-99.630833,24206
30 Veracruz de Ignacio de la Llave,19.434722,-96.383056,35 Chiapas,16.41,-92.408611,24201
41 Guanajuato,21.018889,-101.262778,38 Tamaulipas,24.287222,-98.563333,24096
24 San Luis PotosÃ­,22.603333,-100.429722,Ciudad de MÃ©xico,19.419444,-99.145556,24014
24 San Luis PotosÃ­,22.603333,-100.429722,33 Guanajuato,21.018889,-101.262778,23998
30 Veracruz de Ignacio de la Llave,19.434722,-96.383056,39 Guanajuato,21.018889,-101.262778,23910
20 Oaxaca,16.898056,-96.414167,32 Jalisco,20.566667,-103.676389,23650
44 Jalisco,20.566667,-103.676389,39 Sonora,29.646111,-110.868889,23267
24 San Luis PotosÃ­,22.603333,-100.429722,36 Jalisco,20.566667,-103.676389,23153
20 Oaxaca,16.898056,-96.414167,30 Guerrero,17.613056,-99.95,22925
45 MÃ©xico,19.354167,-99.630833,43 Tlaxcala,19.428889,-98.160833,22820
20 Oaxaca,16.898056,-96.414167,25 Chiapas,16.41,-92.408611,22523
31 Yucatán,20.833333,-89,33 Campeche,18.836389,-90.403333,22448
09 Ciudad de México,19.419444,-99.145556,14 Chiapas,16.41,-92.408611,22227
44 Jalisco,20.566667,-103.676389,32 Nuevo LeÃ³n,25.566667,-99.970556,22093
32 Zacatecas,23.292778,-102.700556,40 Durango,24.934722,-104.911944,22003
25 Sinaloa,25.002778,-107.502778,31 Chihuahua,28.814167,-106.439444,21975
09 Ciudad de México,19.419444,-99.145556,12 Coahuila de Zaragoza,27.302222,-102.044722,21894
17 Morelos,18.7475,-99.070278,27 Guerrero,17.613056,-99.95,21817
42 Guerrero,17.613056,-99.95,33 QuerÃ©taro,20.591,-100.391,21796
25 Sinaloa,25.002778,-107.502778,33 Durango,24.934722,-104.911944,21793
47 Morelos,18.7475,-99.070278,37 Puebla,19.003611,-97.888333,21658
08 Chihuahua,28.814167,-106.439444,32 Sinaloa,25.002778,-107.502778,21609
41 Guanajuato,21.018889,-101.262778,29 Nuevo LeÃ³n,25.566667,-99.970556,21460
30 Veracruz de Ignacio de la Llave,19.434722,-96.383056,52 San Luis PotosÃ­,22.603333,-100.429722,21276
42 Guerrero,17.613056,-99.95,31 Oaxaca,16.898056,-96.414167,21230
41 Guanajuato,21.018889,-101.262778,34 San Luis PotosÃ­,22.603333,-100.429722,20942
28 Tamaulipas,24.287222,-98.563333,31 Coahuila de Zaragoza,27.302222,-102.044722,20699
27 Tabasco,17.972222,-92.588889,44 Nuevo LeÃ³n,25.566667,-99.970556,20699
21 Puebla,19.003611,-97.888333,33 Jalisco,20.566667,-103.676389,20645
43 Hidalgo,20.478333,-98.863611,26 Jalisco,20.566667,-103.676389,20475
40 Durango,24.934722,-104.911944,41 Zacatecas,23.292778,-102.700556,20369
24 San Luis Potosí,22.603333,-100.429722,27 Coahuila de Zaragoza,27.302222,-102.044722,20344
08 Chihuahua,28.814167,-106.439444,8 Baja California,29.95,-115.116667,20184
44 Jalisco,20.566667,-103.676389,38 Sinaloa,25.002778,-107.502778,19923
20 Oaxaca,16.898056,-96.414167,35 Morelos,18.7475,-99.070278,19531
30 Veracruz de Ignacio de la Llave,19.434722,-96.383056,45 Morelos,18.7475,-99.070278,19436
50 Oaxaca,16.898056,-96.414167,42 Quintana Roo,19.6,-87.916667,19275
26 Sonora,29.646111,-110.868889,38 Jalisco,20.566667,-103.676389,18653
54 San Luis PotosÃ­,22.603333,-100.429722,53 Veracruz de Ignacio de la Llave,19.434722,-96.383056,18542
08 Chihuahua,28.814167,-106.439444,26 Nuevo LeÃ³n,25.566667,-99.970556,18338
45 MÃ©xico,19.354167,-99.630833,38 San Luis PotosÃ­,22.603333,-100.429722,18301
51 Puebla,19.003611,-97.888333,42 QuerÃ©taro,20.591,-100.391,18125
20 Oaxaca,16.898056,-96.414167,21 Baja California Sur,25.846111,-111.972778,18094
15 MÃ©xico,19.354167,-99.630833,14 Aguascalientes,21.880833,-102.296111,18036
51 Puebla,19.003611,-97.888333,43 Quintana Roo,19.6,-87.916667,17934
07 Chiapas,16.41,-92.408611,37 YucatÃ¡n,20.833333,-89,17747
21 Puebla,19.003611,-97.888333,38 Nuevo LeÃ³n,25.566667,-99.970556,17731
48 Nayarit,21.743889,-105.228333,43 Sonora,29.646111,-110.868889,17544
25 Sinaloa,25.002778,-107.502778,41 Nayarit,21.743889,-105.228333,17510
24 San Luis PotosÃ­,22.603333,-100.429722,44 QuerÃ©taro,20.591,-100.391,17496
22 QuerÃ©taro,20.591,-100.391,33 Hidalgo,20.478333,-98.863611,17495
46 MichoacÃ¡n de Ocampo,19.168611,-101.899722,41 Sonora,29.646111,-110.868889,17213
30 Veracruz de Ignacio de la Llave,19.434722,-96.383056,31 Baja California Sur,25.846111,-111.972778,17106
37 Chiapas,16.41,-92.408611,14 Chihuahua,28.814167,-106.439444,17095
28 Tamaulipas,24.287222,-98.563333,41 MÃ©xico,19.354167,-99.630833,16995
44 Jalisco,20.566667,-103.676389,35 QuerÃ©taro,20.591,-100.391,16887
50 Oaxaca,16.898056,-96.414167,45 Sonora,29.646111,-110.868889,16811
07 Chiapas,16.41,-92.408611,27 Puebla,19.003611,-97.888333,16739
Ciudad de MÃ©xico,19.419444,-99.145556,34 Sonora,29.646111,-110.868889,16452
14 Jalisco,20.566667,-103.676389,15 Baja California Sur,25.846111,-111.972778,16142
45 MÃ©xico,19.354167,-99.630833,42 Tamaulipas,24.287222,-98.563333,16071
30 Veracruz de Ignacio de la Llave,19.434722,-96.383056,57 Tlaxcala,19.428889,-98.160833,15969
29 Tlaxcala,19.428889,-98.160833,40 Hidalgo,20.478333,-98.863611,15931
28 Tamaulipas,24.287222,-98.563333,Ciudad de MÃ©xico,19.419444,-99.145556,15824
12 Guerrero,17.613056,-99.95,16 Colima,19.096667,-103.960833,15783
30 Veracruz de Ignacio de la Llave,19.434722,-96.383056,54 Sonora,29.646111,-110.868889,15655
03 Baja California Sur,25.846111,-111.972778,3 Baja California,29.95,-115.116667,15622
26 Sonora,29.646111,-110.868889,32 Chihuahua,28.814167,-106.439444,15536
06 Colima,19.096667,-103.960833,21 MichoacÃ¡n de Ocampo,19.168611,-101.899722,15528
46 MichoacÃ¡n de Ocampo,19.168611,-101.899722,32 Morelos,18.7475,-99.070278,15289
06 Colima,19.096667,-103.960833,6 Baja California,29.95,-115.116667,15255
17 Morelos,18.7475,-99.070278,17 Baja California,29.95,-115.116667,15155
32 Zacatecas,23.292778,-102.700556,Ciudad de MÃ©xico,19.419444,-99.145556,14787
15 México,19.354167,-99.630833,16 Baja California Sur,25.846111,-111.972778,14651
42 Guerrero,17.613056,-99.95,29 Nayarit,21.743889,-105.228333,14609
07 Chiapas,16.41,-92.408611,34 Tamaulipas,24.287222,-98.563333,14509
46 MichoacÃ¡n de Ocampo,19.168611,-101.899722,33 Nayarit,21.743889,-105.228333,14495
54 San Luis PotosÃ­,22.603333,-100.429722,55 Zacatecas,23.292778,-102.700556,14483
12 Guerrero,17.613056,-99.95,21 Guanajuato,21.018889,-101.262778,14415
15 México,19.354167,-99.630833,21 Chihuahua,28.814167,-106.439444,14409
43 Hidalgo,20.478333,-98.863611,41 Tlaxcala,19.428889,-98.160833,14282
46 MichoacÃ¡n de Ocampo,19.168611,-101.899722,34 Nuevo LeÃ³n,25.566667,-99.970556,14133
02 Baja California,29.95,-115.116667,4 Baja California Sur,25.846111,-111.972778,14059
30 Veracruz de Ignacio de la Llave,19.434722,-96.383056,53 Sinaloa,25.002778,-107.502778,14059
04 Campeche,18.836389,-90.403333,30 Tabasco,17.972222,-92.588889,14001
51 Puebla,19.003611,-97.888333,48 Tamaulipas,24.287222,-98.563333,13862
25 Sinaloa,25.002778,-107.502778,Ciudad de MÃ©xico,19.419444,-99.145556,13845
28 Tamaulipas,24.287222,-98.563333,37 Guanajuato,21.018889,-101.262778,13836
42 Guerrero,17.613056,-99.95,30 Nuevo LeÃ³n,25.566667,-99.970556,13762
Ciudad de MÃ©xico,19.419444,-99.145556,35 Tabasco,17.972222,-92.588889,13722
40 Durango,24.934722,-104.911944,23 Jalisco,20.566667,-103.676389,13691
09 Ciudad de México,19.419444,-99.145556,13 Colima,19.096667,-103.960833,13670
50 Oaxaca,16.898056,-96.414167,44 Sinaloa,25.002778,-107.502778,13554
07 Chiapas,16.41,-92.408611,32 Sonora,29.646111,-110.868889,13541
50 Oaxaca,16.898056,-96.414167,41 QuerÃ©taro,20.591,-100.391,13379
40 Durango,24.934722,-104.911944,35 Sonora,29.646111,-110.868889,13342
44 Jalisco,20.566667,-103.676389,37 San Luis PotosÃ­,22.603333,-100.429722,13296
27 Tabasco,17.972222,-92.588889,40 MÃ©xico,19.354167,-99.630833,13277
43 Hidalgo,20.478333,-98.863611,40 Tamaulipas,24.287222,-98.563333,13230
Ciudad de MÃ©xico,19.419444,-99.145556,33 Sinaloa,25.002778,-107.502778,13123
42 Guerrero,17.613056,-99.95,41 Veracruz de Ignacio de la Llave,19.434722,-96.383056,12906
28 Tamaulipas,24.287222,-98.563333,40 Jalisco,20.566667,-103.676389,12807
Ciudad de MÃ©xico,19.419444,-99.145556,40 Zacatecas,23.292778,-102.700556,12667
42 Guerrero,17.613056,-99.95,37 Sonora,29.646111,-110.868889,12586
21 Puebla,19.003611,-97.888333,30 Guanajuato,21.018889,-101.262778,12375
19 Nuevo LeÃ³n,25.566667,-99.970556,Ciudad de MÃ©xico,19.419444,-99.145556,12335
08 Chihuahua,28.814167,-106.439444,21 Jalisco,20.566667,-103.676389,12238
28 Tamaulipas,24.287222,-98.563333,48 QuerÃ©taro,20.591,-100.391,12217
30 Veracruz de Ignacio de la Llave,19.434722,-96.383056,44 MichoacÃ¡n de Ocampo,19.168611,-101.899722,12213
11 Guanajuato,21.018889,-101.262778,10 Aguascalientes,21.880833,-102.296111,12188
Ciudad de MÃ©xico,19.419444,-99.145556,26 Nayarit,21.743889,-105.228333,12173
15 México,19.354167,-99.630833,18 Coahuila de Zaragoza,27.302222,-102.044722,11938
57 Tabasco,17.972222,-92.588889,54 Tamaulipas,24.287222,-98.563333,11873
19 Nuevo LeÃ³n,25.566667,-99.970556,32 MÃ©xico,19.354167,-99.630833,11810
07 Chiapas,16.41,-92.408611,8 Baja California Sur,25.846111,-111.972778,11803
14 Jalisco,20.566667,-103.676389,20 Chihuahua,28.814167,-106.439444,11802
45 MÃ©xico,19.354167,-99.630833,45 YucatÃ¡n,20.833333,-89,11784
25 Sinaloa,25.002778,-107.502778,38 MÃ©xico,19.354167,-99.630833,11722
46 MichoacÃ¡n de Ocampo,19.168611,-101.899722,43 Tamaulipas,24.287222,-98.563333,11616
43 Hidalgo,20.478333,-98.863611,36 San Luis PotosÃ­,22.603333,-100.429722,11539
26 Sonora,29.646111,-110.868889,27 Baja California Sur,25.846111,-111.972778,11476
21 Puebla,19.003611,-97.888333,22 Baja California Sur,25.846111,-111.972778,11450
44 Jalisco,20.566667,-103.676389,36 Quintana Roo,19.6,-87.916667,11449
05 Coahuila de Zaragoza,27.302222,-102.044722,18 Jalisco,20.566667,-103.676389,11400
27 Tabasco,17.972222,-92.588889,Ciudad de MÃ©xico,19.419444,-99.145556,11308
44 Jalisco,20.566667,-103.676389,41 Tamaulipas,24.287222,-98.563333,11268
16 Michoacán de Ocampo,19.168611,-101.899722,17 Baja California Sur,25.846111,-111.972778,11231
50 Oaxaca,16.898056,-96.414167,47 Tamaulipas,24.287222,-98.563333,11192
20 Oaxaca,16.898056,-96.414167,31 Hidalgo,20.478333,-98.863611,11160
08 Chihuahua,28.814167,-106.439444,Ciudad de MÃ©xico,19.419444,-99.145556,11068
24 San Luis PotosÃ­,22.603333,-100.429722,23 Aguascalientes,21.880833,-102.296111,11062
25 Sinaloa,25.002778,-107.502778,42 Nuevo LeÃ³n,25.566667,-99.970556,11035
41 Guanajuato,21.018889,-101.262778,36 Sonora,29.646111,-110.868889,10974
13 Hidalgo,20.478333,-98.863611,13 Baja California,29.95,-115.116667,10948
40 Durango,24.934722,-104.911944,37 Tamaulipas,24.287222,-98.563333,10917
46 MichoacÃ¡n de Ocampo,19.168611,-101.899722,45 Veracruz de Ignacio de la Llave,19.434722,-96.383056,10798
08 Chihuahua,28.814167,-106.439444,22 MÃ©xico,19.354167,-99.630833,10791
21 Puebla,19.003611,-97.888333,31 Guerrero,17.613056,-99.95,10786
46 MichoacÃ¡n de Ocampo,19.168611,-101.899722,40 Sinaloa,25.002778,-107.502778,10779
23 Quintana Roo,19.6,-87.916667,25 Campeche,18.836389,-90.403333,10660
13 Hidalgo,20.478333,-98.863611,22 Guanajuato,21.018889,-101.262778,10601
15 México,19.354167,-99.630833,20 Chiapas,16.41,-92.408611,10579
16 MichoacÃ¡n de Ocampo,19.168611,-101.899722,27 Hidalgo,20.478333,-98.863611,10470
40 Durango,24.934722,-104.911944,24 MÃ©xico,19.354167,-99.630833,10409
05 Coahuila de Zaragoza,27.302222,-102.044722,36 Zacatecas,23.292778,-102.700556,10397
05 Coahuila de Zaragoza,27.302222,-102.044722,19 MÃ©xico,19.354167,-99.630833,10388
19 Nuevo LeÃ³n,25.566667,-99.970556,31 Jalisco,20.566667,-103.676389,10357
32 Zacatecas,23.292778,-102.700556,41 Guanajuato,21.018889,-101.262778,10334
05 Coahuila de Zaragoza,27.302222,-102.044722,Ciudad de MÃ©xico,19.419444,-99.145556,10328
49 Nuevo LeÃ³n,25.566667,-99.970556,48 Veracruz de Ignacio de la Llave,19.434722,-96.383056,10213
02 Baja California,29.95,-115.116667,19 Nayarit,21.743889,-105.228333,10148
44 Jalisco,20.566667,-103.676389,43 Veracruz de Ignacio de la Llave,19.434722,-96.383056,10094
08 Chihuahua,28.814167,-106.439444,37 Veracruz de Ignacio de la Llave,19.434722,-96.383056,10041
07 Chiapas,16.41,-92.408611,10 Coahuila de Zaragoza,27.302222,-102.044722,9998
46 MichoacÃ¡n de Ocampo,19.168611,-101.899722,36 Puebla,19.003611,-97.888333,9986
02 Baja California,29.95,-115.116667,16 MÃ©xico,19.354167,-99.630833,9922
20 Oaxaca,16.898056,-96.414167,29 Guanajuato,21.018889,-101.262778,9892
42 Guerrero,17.613056,-99.95,24 Hidalgo,20.478333,-98.863611,9879
07 Chiapas,16.41,-92.408611,24 Nayarit,21.743889,-105.228333,9871
12 Guerrero,17.613056,-99.95,18 Chihuahua,28.814167,-106.439444,9677
32 Zacatecas,23.292778,-102.700556,58 Tamaulipas,24.287222,-98.563333,9663
05 Coahuila de Zaragoza,27.302222,-102.044722,5 Baja California,29.95,-115.116667,9610
11 Guanajuato,21.018889,-101.262778,17 Chihuahua,28.814167,-106.439444,9540
52 QuerÃ©taro,20.591,-100.391,45 San Luis PotosÃ­,22.603333,-100.429722,9390
07 Chiapas,16.41,-92.408611,28 QuerÃ©taro,20.591,-100.391,9101
41 Guanajuato,21.018889,-101.262778,23 Hidalgo,20.478333,-98.863611,9035
26 Sonora,29.646111,-110.868889,Ciudad de MÃ©xico,19.419444,-99.145556,8883
47 Morelos,18.7475,-99.070278,38 QuerÃ©taro,20.591,-100.391,8869
21 Puebla,19.003611,-97.888333,27 Chihuahua,28.814167,-106.439444,8752
11 Guanajuato,21.018889,-101.262778,14 Coahuila de Zaragoza,27.302222,-102.044722,8643
27 Tabasco,17.972222,-92.588889,46 Puebla,19.003611,-97.888333,8544
27 Tabasco,17.972222,-92.588889,27 Baja California,29.95,-115.116667,8496
26 Sonora,29.646111,-110.868889,43 Nuevo LeÃ³n,25.566667,-99.970556,8492
50 Oaxaca,16.898056,-96.414167,46 Tabasco,17.972222,-92.588889,8485
14 Jalisco,20.566667,-103.676389,17 Coahuila de Zaragoza,27.302222,-102.044722,8431
10 Durango,24.934722,-104.911944,11 Baja California Sur,25.846111,-111.972778,8400
45 MÃ©xico,19.354167,-99.630833,40 Sonora,29.646111,-110.868889,8350
09 Ciudad de México,19.419444,-99.145556,11 Campeche,18.836389,-90.403333,8343
42 Guerrero,17.613056,-99.95,39 Tamaulipas,24.287222,-98.563333,8343
Ciudad de MÃ©xico,19.419444,-99.145556,18 Durango,24.934722,-104.911944,8315
41 Guanajuato,21.018889,-101.262778,35 Sinaloa,25.002778,-107.502778,8290
10 Durango,24.934722,-104.911944,Ciudad de MÃ©xico,19.419444,-99.145556,8269
02 Baja California,29.95,-115.116667,Ciudad de MÃ©xico,19.419444,-99.145556,8257
44 Jalisco,20.566667,-103.676389,34 Puebla,19.003611,-97.888333,8226
30 Veracruz de Ignacio de la Llave,19.434722,-96.383056,40 Guerrero,17.613056,-99.95,8173
01 Aguascalientes,21.880833,-102.296111,15 MÃ©xico,19.354167,-99.630833,8024
02 Baja California,29.95,-115.116667,17 MichoacÃ¡n de Ocampo,19.168611,-101.899722,7931
21 Puebla,19.003611,-97.888333,26 Chiapas,16.41,-92.408611,7834
43 Hidalgo,20.478333,-98.863611,29 Morelos,18.7475,-99.070278,7662
46 MichoacÃ¡n de Ocampo,19.168611,-101.899722,38 Quintana Roo,19.6,-87.916667,7638
22 QuerÃ©taro,20.591,-100.391,34 Jalisco,20.566667,-103.676389,7619
11 Guanajuato,21.018889,-101.262778,12 Baja California Sur,25.846111,-111.972778,7527
17 Morelos,18.7475,-99.070278,29 Jalisco,20.566667,-103.676389,7506
04 Campeche,18.836389,-90.403333,33 Veracruz de Ignacio de la Llave,19.434722,-96.383056,7424
20 Oaxaca,16.898056,-96.414167,23 Coahuila de Zaragoza,27.302222,-102.044722,7373
41 Guanajuato,21.018889,-101.262778,40 Veracruz de Ignacio de la Llave,19.434722,-96.383056,7354
45 MÃ©xico,19.354167,-99.630833,46 Zacatecas,23.292778,-102.700556,7298
31 YucatÃ¡n,20.833333,-89,Ciudad de MÃ©xico,19.419444,-99.145556,7289
51 Puebla,19.003611,-97.888333,47 Tabasco,17.972222,-92.588889,7285
19 Nuevo León,25.566667,-99.970556,25 Chihuahua,28.814167,-106.439444,7274
05 Coahuila de Zaragoza,27.302222,-102.044722,28 San Luis PotosÃ­,22.603333,-100.429722,7268
24 San Luis Potosí,22.603333,-100.429722,24 Baja California,29.95,-115.116667,7193
16 Michoacán de Ocampo,19.168611,-101.899722,22 Chihuahua,28.814167,-106.439444,7171
20 Oaxaca,16.898056,-96.414167,34 MichoacÃ¡n de Ocampo,19.168611,-101.899722,7154
41 Guanajuato,21.018889,-101.262778,31 Puebla,19.003611,-97.888333,7144
01 Aguascalientes,21.880833,-102.296111,11 Guanajuato,21.018889,-101.262778,7143
14 Jalisco,20.566667,-103.676389,25 Hidalgo,20.478333,-98.863611,7132
22 QuerÃ©taro,20.591,-100.391,39 Nuevo LeÃ³n,25.566667,-99.970556,7116
52 QuerÃ©taro,20.591,-100.391,49 Tamaulipas,24.287222,-98.563333,7105
07 Chiapas,16.41,-92.408611,22 MichoacÃ¡n de Ocampo,19.168611,-101.899722,7101
01 Aguascalientes,21.880833,-102.296111,Ciudad de MÃ©xico,19.419444,-99.145556,7059
16 MichoacÃ¡n de Ocampo,19.168611,-101.899722,15 Aguascalientes,21.880833,-102.296111,7011
26 Sonora,29.646111,-110.868889,39 MÃ©xico,19.354167,-99.630833,6954
21 Puebla,19.003611,-97.888333,35 MichoacÃ¡n de Ocampo,19.168611,-101.899722,6949
32 Zacatecas,23.292778,-102.700556,48 Nayarit,21.743889,-105.228333,6935
30 Veracruz de Ignacio de la Llave,19.434722,-96.383056,29 Aguascalientes,21.880833,-102.296111,6872
45 MÃ©xico,19.354167,-99.630833,39 Sinaloa,25.002778,-107.502778,6868
05 Coahuila de Zaragoza,27.302222,-102.044722,15 Guanajuato,21.018889,-101.262778,6854
08 Chihuahua,28.814167,-106.439444,39 Zacatecas,23.292778,-102.700556,6806
45 MÃ©xico,19.354167,-99.630833,32 Nayarit,21.743889,-105.228333,6787
28 Tamaulipas,24.287222,-98.563333,39 Hidalgo,20.478333,-98.863611,6748
47 Morelos,18.7475,-99.070278,39 Quintana Roo,19.6,-87.916667,6696
32 Zacatecas,23.292778,-102.700556,56 Sonora,29.646111,-110.868889,6654
02 Baja California,29.95,-115.116667,12 Guanajuato,21.018889,-101.262778,6586
50 Oaxaca,16.898056,-96.414167,50 YucatÃ¡n,20.833333,-89,6464
41 Guanajuato,21.018889,-101.262778,27 Morelos,18.7475,-99.070278,6419
01 Aguascalientes,21.880833,-102.296111,02 Baja California,29.95,-115.116667,6389
53 Quintana Roo,19.6,-87.916667,52 Veracruz de Ignacio de la Llave,19.434722,-96.383056,6370
25 Sinaloa,25.002778,-107.502778,34 Guanajuato,21.018889,-101.262778,6369
59 Tlaxcala,19.428889,-98.160833,58 Veracruz de Ignacio de la Llave,19.434722,-96.383056,6367
22 QuerÃ©taro,20.591,-100.391,36 MichoacÃ¡n de Ocampo,19.168611,-101.899722,6356
53 Quintana Roo,19.6,-87.916667,49 Tabasco,17.972222,-92.588889,6301
02 Baja California,29.95,-115.116667,31 Veracruz de Ignacio de la Llave,19.434722,-96.383056,6254
07 Chiapas,16.41,-92.408611,17 Guanajuato,21.018889,-101.262778,6199
19 Nuevo LeÃ³n,25.566667,-99.970556,28 Guanajuato,21.018889,-101.262778,6180
27 Tabasco,17.972222,-92.588889,39 Jalisco,20.566667,-103.676389,6155
28 Tamaulipas,24.287222,-98.563333,28 Baja California,29.95,-115.116667,6135
31 YucatÃ¡n,20.833333,-89,44 MÃ©xico,19.354167,-99.630833,6102
51 Puebla,19.003611,-97.888333,46 Sonora,29.646111,-110.868889,6040
08 Chihuahua,28.814167,-106.439444,18 Guanajuato,21.018889,-101.262778,5999
18 Nayarit,21.743889,-105.228333,19 Baja California Sur,25.846111,-111.972778,5994
49 Nuevo LeÃ³n,25.566667,-99.970556,40 QuerÃ©taro,20.591,-100.391,5967
46 MichoacÃ¡n de Ocampo,19.168611,-101.899722,39 San Luis PotosÃ­,22.603333,-100.429722,5946
02 Baja California,29.95,-115.116667,21 Oaxaca,16.898056,-96.414167,5881
15 México,19.354167,-99.630833,19 Colima,19.096667,-103.960833,5833
47 Morelos,18.7475,-99.070278,46 Veracruz de Ignacio de la Llave,19.434722,-96.383056,5782
16 Michoacán de Ocampo,19.168611,-101.899722,19 Coahuila de Zaragoza,27.302222,-102.044722,5730
05 Coahuila de Zaragoza,27.302222,-102.044722,26 QuerÃ©taro,20.591,-100.391,5722
27 Tabasco,17.972222,-92.588889,33 Chihuahua,28.814167,-106.439444,5699
01 Aguascalientes,21.880833,-102.296111,19 Nuevo LeÃ³n,25.566667,-99.970556,5689
32 Zacatecas,23.292778,-102.700556,55 Sinaloa,25.002778,-107.502778,5639
28 Tamaulipas,24.287222,-98.563333,47 Puebla,19.003611,-97.888333,5609
20 Oaxaca,16.898056,-96.414167,22 Campeche,18.836389,-90.403333,5583
51 Puebla,19.003611,-97.888333,44 San Luis PotosÃ­,22.603333,-100.429722,5575
41 Guanajuato,21.018889,-101.262778,28 Nayarit,21.743889,-105.228333,5480
27 Tabasco,17.972222,-92.588889,30 Coahuila de Zaragoza,27.302222,-102.044722,5475
28 Tamaulipas,24.287222,-98.563333,53 Tabasco,17.972222,-92.588889,5444
28 Tamaulipas,24.287222,-98.563333,34 Chihuahua,28.814167,-106.439444,5393
17 Morelos,18.7475,-99.070278,26 Guanajuato,21.018889,-101.262778,5391
19 Nuevo León,25.566667,-99.970556,19 Baja California,29.95,-115.116667,5378
12 Guerrero,17.613056,-99.95,15 Coahuila de Zaragoza,27.302222,-102.044722,5359
30 Veracruz de Ignacio de la Llave,19.434722,-96.383056,34 Colima,19.096667,-103.960833,5343
25 Sinaloa,25.002778,-107.502778,45 QuerÃ©taro,20.591,-100.391,5275
08 Chihuahua,28.814167,-106.439444,29 QuerÃ©taro,20.591,-100.391,5239
07 Chiapas,16.41,-92.408611,19 Hidalgo,20.478333,-98.863611,5235
29 Tlaxcala,19.428889,-98.160833,29 Baja California,29.95,-115.116667,5187
51 Puebla,19.003611,-97.888333,51 YucatÃ¡n,20.833333,-89,5172
45 MÃ©xico,19.354167,-99.630833,41 Tabasco,17.972222,-92.588889,5155
21 Puebla,19.003611,-97.888333,24 Coahuila de Zaragoza,27.302222,-102.044722,5136
02 Baja California,29.95,-115.116667,8 Chiapas,16.41,-92.408611,5135
14 Jalisco,20.566667,-103.676389,22 Durango,24.934722,-104.911944,5129
07 Chiapas,16.41,-92.408611,23 Morelos,18.7475,-99.070278,5118
43 Hidalgo,20.478333,-98.863611,28 MichoacÃ¡n de Ocampo,19.168611,-101.899722,5115
44 Jalisco,20.566667,-103.676389,30 Morelos,18.7475,-99.070278,5078
50 Oaxaca,16.898056,-96.414167,48 Tlaxcala,19.428889,-98.160833,5068
43 Hidalgo,20.478333,-98.863611,35 Quintana Roo,19.6,-87.916667,5064
18 Nayarit,21.743889,-105.228333,31 MÃ©xico,19.354167,-99.630833,5051
49 Nuevo LeÃ³n,25.566667,-99.970556,50 Zacatecas,23.292778,-102.700556,5048
30 Veracruz de Ignacio de la Llave,19.434722,-96.383056,46 Nayarit,21.743889,-105.228333,5022
07 Chiapas,16.41,-92.408611,11 Colima,19.096667,-103.960833,5010
12 Guerrero,17.613056,-99.95,17 Chiapas,16.41,-92.408611,4992
41 Guanajuato,21.018889,-101.262778,33 Quintana Roo,19.6,-87.916667,4990
01 Aguascalientes,21.880833,-102.296111,08 Chihuahua,28.814167,-106.439444,4958
26 Sonora,29.646111,-110.868889,42 Nayarit,21.743889,-105.228333,4931
31 YucatÃ¡n,20.833333,-89,59 Veracruz de Ignacio de la Llave,19.434722,-96.383056,4903
01 Aguascalientes,21.880833,-102.296111,24 San Luis PotosÃ­,22.603333,-100.429722,4882
10 Durango,24.934722,-104.911944,9 Aguascalientes,21.880833,-102.296111,4860
05 Coahuila de Zaragoza,27.302222,-102.044722,34 Veracruz de Ignacio de la Llave,19.434722,-96.383056,4800
07 Chiapas,16.41,-92.408611,31 Sinaloa,25.002778,-107.502778,4796
40 Durango,24.934722,-104.911944,27 Nayarit,21.743889,-105.228333,4776
47 Morelos,18.7475,-99.070278,35 Nuevo LeÃ³n,25.566667,-99.970556,4774
55 Sinaloa,25.002778,-107.502778,54 Veracruz de Ignacio de la Llave,19.434722,-96.383056,4766
05 Coahuila de Zaragoza,27.302222,-102.044722,30 Sonora,29.646111,-110.868889,4745
14 Jalisco,20.566667,-103.676389,24 Guerrero,17.613056,-99.95,4731
40 Durango,24.934722,-104.911944,20 Guanajuato,21.018889,-101.262778,4693
08 Chihuahua,28.814167,-106.439444,35 Tamaulipas,24.287222,-98.563333,4665
31 YucatÃ¡n,20.833333,-89,56 Tabasco,17.972222,-92.588889,4657
24 San Luis Potosí,22.603333,-100.429722,30 Chihuahua,28.814167,-106.439444,4650
05 Coahuila de Zaragoza,27.302222,-102.044722,4 Aguascalientes,21.880833,-102.296111,4647
25 Sinaloa,25.002778,-107.502778,39 MichoacÃ¡n de Ocampo,19.168611,-101.899722,4645
46 MichoacÃ¡n de Ocampo,19.168611,-101.899722,35 Oaxaca,16.898056,-96.414167,4586
28 Tamaulipas,24.287222,-98.563333,49 Quintana Roo,19.6,-87.916667,4573
02 Baja California,29.95,-115.116667,20 Nuevo LeÃ³n,25.566667,-99.970556,4571
42 Guerrero,17.613056,-99.95,35 San Luis PotosÃ­,22.603333,-100.429722,4570
40 Durango,24.934722,-104.911944,31 QuerÃ©taro,20.591,-100.391,4550
15 MÃ©xico,19.354167,-99.630833,23 Durango,24.934722,-104.911944,4537
08 Chihuahua,28.814167,-106.439444,7 Aguascalientes,21.880833,-102.296111,4523
02 Baja California,29.95,-115.116667,9 Chihuahua,28.814167,-106.439444,4512
49 Nuevo LeÃ³n,25.566667,-99.970556,41 Quintana Roo,19.6,-87.916667,4447
27 Tabasco,17.972222,-92.588889,47 QuerÃ©taro,20.591,-100.391,4310
23 Quintana Roo,19.6,-87.916667,28 Chiapas,16.41,-92.408611,4305
19 Nuevo LeÃ³n,25.566667,-99.970556,30 Hidalgo,20.478333,-98.863611,4303
44 Jalisco,20.566667,-103.676389,44 YucatÃ¡n,20.833333,-89,4285
25 Sinaloa,25.002778,-107.502778,28 Coahuila de Zaragoza,27.302222,-102.044722,4221
26 Sonora,29.646111,-110.868889,35 Guanajuato,21.018889,-101.262778,4202
17 Morelos,18.7475,-99.070278,28 Hidalgo,20.478333,-98.863611,4180
11 Guanajuato,21.018889,-101.262778,15 Colima,19.096667,-103.960833,4166
19 Nuevo LeÃ³n,25.566667,-99.970556,27 Durango,24.934722,-104.911944,4158
02 Baja California,29.95,-115.116667,22 Puebla,19.003611,-97.888333,4143
29 Tlaxcala,19.428889,-98.160833,49 QuerÃ©taro,20.591,-100.391,4127
21 Puebla,19.003611,-97.888333,20 Aguascalientes,21.880833,-102.296111,4115
22 Querétaro,20.591,-100.391,22 Baja California,29.95,-115.116667,4103
03 Baja California Sur,25.846111,-111.972778,27 Sinaloa,25.002778,-107.502778,4088
18 Nayarit,21.743889,-105.228333,Ciudad de MÃ©xico,19.419444,-99.145556,4085
17 Morelos,18.7475,-99.070278,31 MichoacÃ¡n de Ocampo,19.168611,-101.899722,4035
02 Baja California,29.95,-115.116667,13 Guerrero,17.613056,-99.95,4021
41 Guanajuato,21.018889,-101.262778,42 Zacatecas,23.292778,-102.700556,4021
27 Tabasco,17.972222,-92.588889,45 Oaxaca,16.898056,-96.414167,4007
51 Puebla,19.003611,-97.888333,45 Sinaloa,25.002778,-107.502778,4000
02 Baja California,29.95,-115.116667,11 Durango,24.934722,-104.911944,3990
50 Oaxaca,16.898056,-96.414167,43 San Luis PotosÃ­,22.603333,-100.429722,3923
44 Jalisco,20.566667,-103.676389,33 Oaxaca,16.898056,-96.414167,3922
18 Nayarit,21.743889,-105.228333,32 MichoacÃ¡n de Ocampo,19.168611,-101.899722,3886
28 Tamaulipas,24.287222,-98.563333,30 Campeche,18.836389,-90.403333,3882
30 Veracruz de Ignacio de la Llave,19.434722,-96.383056,38 Durango,24.934722,-104.911944,3865
08 Chihuahua,28.814167,-106.439444,9 Baja California Sur,25.846111,-111.972778,3834
32 Zacatecas,23.292778,-102.700556,52 QuerÃ©taro,20.591,-100.391,3806
28 Tamaulipas,24.287222,-98.563333,42 MichoacÃ¡n de Ocampo,19.168611,-101.899722,3804
05 Coahuila de Zaragoza,27.302222,-102.044722,29 Sinaloa,25.002778,-107.502778,3782
24 San Luis PotosÃ­,22.603333,-100.429722,43 Puebla,19.003611,-97.888333,3776
16 Michoacán de Ocampo,19.168611,-101.899722,18 Campeche,18.836389,-90.403333,3754
20 Oaxaca,16.898056,-96.414167,24 Colima,19.096667,-103.960833,3748
13 Hidalgo,20.478333,-98.863611,19 Chihuahua,28.814167,-106.439444,3736
21 Puebla,19.003611,-97.888333,23 Campeche,18.836389,-90.403333,3684
20 Oaxaca,16.898056,-96.414167,36 Nayarit,21.743889,-105.228333,3651
13 Hidalgo,20.478333,-98.863611,16 Coahuila de Zaragoza,27.302222,-102.044722,3588
18 Nayarit,21.743889,-105.228333,27 Guanajuato,21.018889,-101.262778,3548
14 Jalisco,20.566667,-103.676389,19 Chiapas,16.41,-92.408611,3544
23 Quintana Roo,19.6,-87.916667,36 MÃ©xico,19.354167,-99.630833,3527
28 Tamaulipas,24.287222,-98.563333,27 Aguascalientes,21.880833,-102.296111,3514
29 Tlaxcala,19.428889,-98.160833,41 Jalisco,20.566667,-103.676389,3483
23 Quintana Roo,19.6,-87.916667,Ciudad de MÃ©xico,19.419444,-99.145556,3467
04 Campeche,18.836389,-90.403333,Ciudad de MÃ©xico,19.419444,-99.145556,3432
25 Sinaloa,25.002778,-107.502778,35 Guerrero,17.613056,-99.95,3402
04 Campeche,18.836389,-90.403333,18 MÃ©xico,19.354167,-99.630833,3388
47 Morelos,18.7475,-99.070278,36 Oaxaca,16.898056,-96.414167,3378
54 Tamaulipas,24.287222,-98.563333,58 YucatÃ¡n,20.833333,-89,3366
13 Hidalgo,20.478333,-98.863611,12 Aguascalientes,21.880833,-102.296111,3331
49 Nuevo LeÃ³n,25.566667,-99.970556,39 Puebla,19.003611,-97.888333,3319
02 Baja California,29.95,-115.116667,7 Colima,19.096667,-103.960833,3292
15 México,19.354167,-99.630833,17 Campeche,18.836389,-90.403333,3284
42 Guerrero,17.613056,-99.95,42 YucatÃ¡n,20.833333,-89,3258
16 Michoacán de Ocampo,19.168611,-101.899722,21 Chiapas,16.41,-92.408611,3251
52 QuerÃ©taro,20.591,-100.391,51 Veracruz de Ignacio de la Llave,19.434722,-96.383056,3241
55 Sinaloa,25.002778,-107.502778,52 Tamaulipas,24.287222,-98.563333,3238
24 San Luis PotosÃ­,22.603333,-100.429722,38 MichoacÃ¡n de Ocampo,19.168611,-101.899722,3234
25 Sinaloa,25.002778,-107.502778,44 Puebla,19.003611,-97.888333,3231
19 Nuevo LeÃ³n,25.566667,-99.970556,18 Aguascalientes,21.880833,-102.296111,3229
43 Hidalgo,20.478333,-98.863611,32 Oaxaca,16.898056,-96.414167,3221
40 Durango,24.934722,-104.911944,32 Quintana Roo,19.6,-87.916667,3208
05 Coahuila de Zaragoza,27.302222,-102.044722,27 Quintana Roo,19.6,-87.916667,3187
06 Colima,19.096667,-103.960833,Ciudad de MÃ©xico,19.419444,-99.145556,3170
26 Sonora,29.646111,-110.868889,46 QuerÃ©taro,20.591,-100.391,3169
03 Baja California Sur,25.846111,-111.972778,16 Jalisco,20.566667,-103.676389,3168
08 Chihuahua,28.814167,-106.439444,28 Puebla,19.003611,-97.888333,3129
12 Guerrero,17.613056,-99.95,11 Aguascalientes,21.880833,-102.296111,3127
08 Chihuahua,28.814167,-106.439444,30 Quintana Roo,19.6,-87.916667,3096
08 Chihuahua,28.814167,-106.439444,31 San Luis PotosÃ­,22.603333,-100.429722,3054
28 Tamaulipas,24.287222,-98.563333,36 Durango,24.934722,-104.911944,3048
07 Chiapas,16.41,-92.408611,18 Guerrero,17.613056,-99.95,3047
56 Sonora,29.646111,-110.868889,55 Veracruz de Ignacio de la Llave,19.434722,-96.383056,3046
26 Sonora,29.646111,-110.868889,29 Coahuila de Zaragoza,27.302222,-102.044722,3045
06 Colima,19.096667,-103.960833,20 MÃ©xico,19.354167,-99.630833,3042
03 Baja California Sur,25.846111,-111.972778,28 Sonora,29.646111,-110.868889,3030
25 Sinaloa,25.002778,-107.502778,46 Quintana Roo,19.6,-87.916667,3028
25 Sinaloa,25.002778,-107.502778,29 Colima,19.096667,-103.960833,3019
34 Campeche,18.836389,-90.403333,10 Chiapas,16.41,-92.408611,3015
60 Veracruz de Ignacio de la Llave,19.434722,-96.383056,61 Zacatecas,23.292778,-102.700556,2979
49 Nuevo LeÃ³n,25.566667,-99.970556,49 YucatÃ¡n,20.833333,-89,2969
42 Guerrero,17.613056,-99.95,40 Tlaxcala,19.428889,-98.160833,2956
29 Tlaxcala,19.428889,-98.160833,38 Guanajuato,21.018889,-101.262778,2937
26 Sonora,29.646111,-110.868889,40 MichoacÃ¡n de Ocampo,19.168611,-101.899722,2930
46 MichoacÃ¡n de Ocampo,19.168611,-101.899722,46 YucatÃ¡n,20.833333,-89,2930
40 Durango,24.934722,-104.911944,33 San Luis PotosÃ­,22.603333,-100.429722,2911
29 Tlaxcala,19.428889,-98.160833,50 Quintana Roo,19.6,-87.916667,2904
54 San Luis PotosÃ­,22.603333,-100.429722,49 Sonora,29.646111,-110.868889,2902
22 QuerÃ©taro,20.591,-100.391,41 Puebla,19.003611,-97.888333,2898
20 Oaxaca,16.898056,-96.414167,19 Aguascalientes,21.880833,-102.296111,2870
25 Sinaloa,25.002778,-107.502778,43 Oaxaca,16.898056,-96.414167,2862
06 Colima,19.096667,-103.960833,23 Nayarit,21.743889,-105.228333,2836
01 Aguascalientes,21.880833,-102.296111,22 QuerÃ©taro,20.591,-100.391,2803
05 Coahuila de Zaragoza,27.302222,-102.044722,6 Baja California Sur,25.846111,-111.972778,2800
05 Coahuila de Zaragoza,27.302222,-102.044722,25 Puebla,19.003611,-97.888333,2795
28 Tamaulipas,24.287222,-98.563333,46 Oaxaca,16.898056,-96.414167,2781
08 Chihuahua,28.814167,-106.439444,27 Oaxaca,16.898056,-96.414167,2751
02 Baja California,29.95,-115.116667,23 QuerÃ©taro,20.591,-100.391,2739
01 Aguascalientes,21.880833,-102.296111,05 Coahuila de Zaragoza,27.302222,-102.044722,2730
27 Tabasco,17.972222,-92.588889,36 Guanajuato,21.018889,-101.262778,2720
18 Nayarit,21.743889,-105.228333,22 Colima,19.096667,-103.960833,2719
29 Tlaxcala,19.428889,-98.160833,44 Morelos,18.7475,-99.070278,2712
21 Puebla,19.003611,-97.888333,37 Nayarit,21.743889,-105.228333,2697
17 Morelos,18.7475,-99.070278,18 Baja California Sur,25.846111,-111.972778,2683
11 Guanajuato,21.018889,-101.262778,19 Durango,24.934722,-104.911944,2666
04 Campeche,18.836389,-90.403333,31 Tamaulipas,24.287222,-98.563333,2636
49 Nuevo LeÃ³n,25.566667,-99.970556,44 Sonora,29.646111,-110.868889,2622
13 Hidalgo,20.478333,-98.863611,23 Guerrero,17.613056,-99.95,2615
28 Tamaulipas,24.287222,-98.563333,33 Chiapas,16.41,-92.408611,2600
41 Guanajuato,21.018889,-101.262778,22 Guerrero,17.613056,-99.95,2590
18 Nayarit,21.743889,-105.228333,26 Durango,24.934722,-104.911944,2589
46 MichoacÃ¡n de Ocampo,19.168611,-101.899722,42 Tabasco,17.972222,-92.588889,2570
01 Aguascalientes,21.880833,-102.296111,28 Tamaulipas,24.287222,-98.563333,2558
46 MichoacÃ¡n de Ocampo,19.168611,-101.899722,47 Zacatecas,23.292778,-102.700556,2557
54 San Luis PotosÃ­,22.603333,-100.429722,48 Sinaloa,25.002778,-107.502778,2551
25 Sinaloa,25.002778,-107.502778,24 Aguascalientes,21.880833,-102.296111,2535
28 Tamaulipas,24.287222,-98.563333,52 Sonora,29.646111,-110.868889,2532
32 Zacatecas,23.292778,-102.700556,33 Baja California Sur,25.846111,-111.972778,2488
24 San Luis PotosÃ­,22.603333,-100.429722,45 Quintana Roo,19.6,-87.916667,2469
40 Durango,24.934722,-104.911944,39 Veracruz de Ignacio de la Llave,19.434722,-96.383056,2466
46 MichoacÃ¡n de Ocampo,19.168611,-101.899722,44 Tlaxcala,19.428889,-98.160833,2447
47 Morelos,18.7475,-99.070278,44 Tamaulipas,24.287222,-98.563333,2420
07 Chiapas,16.41,-92.408611,35 Tlaxcala,19.428889,-98.160833,2408
24 San Luis PotosÃ­,22.603333,-100.429722,39 Morelos,18.7475,-99.070278,2382
32 Zacatecas,23.292778,-102.700556,46 MichoacÃ¡n de Ocampo,19.168611,-101.899722,2381
41 Guanajuato,21.018889,-101.262778,30 Oaxaca,16.898056,-96.414167,2372
29 Tlaxcala,19.428889,-98.160833,46 Nuevo LeÃ³n,25.566667,-99.970556,2370
05 Coahuila de Zaragoza,27.302222,-102.044722,20 MichoacÃ¡n de Ocampo,19.168611,-101.899722,2360
27 Tabasco,17.972222,-92.588889,38 Hidalgo,20.478333,-98.863611,2332
02 Baja California,29.95,-115.116667,14 Hidalgo,20.478333,-98.863611,2331
18 Nayarit,21.743889,-105.228333,24 Chihuahua,28.814167,-106.439444,2325
42 Guerrero,17.613056,-99.95,38 Tabasco,17.972222,-92.588889,2318
16 MichoacÃ¡n de Ocampo,19.168611,-101.899722,24 Durango,24.934722,-104.911944,2317
08 Chihuahua,28.814167,-106.439444,23 MichoacÃ¡n de Ocampo,19.168611,-101.899722,2302
12 Guerrero,17.613056,-99.95,14 Campeche,18.836389,-90.403333,2287
13 Hidalgo,20.478333,-98.863611,14 Baja California Sur,25.846111,-111.972778,2283
48 Nayarit,21.743889,-105.228333,36 Nuevo LeÃ³n,25.566667,-99.970556,2238
26 Sonora,29.646111,-110.868889,34 Durango,24.934722,-104.911944,2232
54 Tamaulipas,24.287222,-98.563333,59 Zacatecas,23.292778,-102.700556,2225
25 Sinaloa,25.002778,-107.502778,47 San Luis PotosÃ­,22.603333,-100.429722,2215
07 Chiapas,16.41,-92.408611,30 San Luis PotosÃ­,22.603333,-100.429722,2207
31 YucatÃ¡n,20.833333,-89,43 Jalisco,20.566667,-103.676389,2197
41 Guanajuato,21.018889,-101.262778,41 YucatÃ¡n,20.833333,-89,2196
43 Hidalgo,20.478333,-98.863611,38 Sonora,29.646111,-110.868889,2191
49 Nuevo LeÃ³n,25.566667,-99.970556,43 Sinaloa,25.002778,-107.502778,2174
40 Durango,24.934722,-104.911944,25 MichoacÃ¡n de Ocampo,19.168611,-101.899722,2166
28 Tamaulipas,24.287222,-98.563333,51 Sinaloa,25.002778,-107.502778,2162
28 Tamaulipas,24.287222,-98.563333,43 Morelos,18.7475,-99.070278,2160
08 Chihuahua,28.814167,-106.439444,20 Hidalgo,20.478333,-98.863611,2139
26 Sonora,29.646111,-110.868889,45 Puebla,19.003611,-97.888333,2112
47 Morelos,18.7475,-99.070278,42 Sonora,29.646111,-110.868889,2103
02 Baja California,29.95,-115.116667,01 Aguascalientes,21.880833,-102.296111,2094
04 Campeche,18.836389,-90.403333,22 Nuevo LeÃ³n,25.566667,-99.970556,2089
56 Sonora,29.646111,-110.868889,53 Tamaulipas,24.287222,-98.563333,2089
48 Nayarit,21.743889,-105.228333,49 Zacatecas,23.292778,-102.700556,2087
31 YucatÃ¡n,20.833333,-89,48 Nuevo LeÃ³n,25.566667,-99.970556,2082
17 Morelos,18.7475,-99.070278,23 Chihuahua,28.814167,-106.439444,2065
27 Tabasco,17.972222,-92.588889,41 MichoacÃ¡n de Ocampo,19.168611,-101.899722,2064
17 Morelos,18.7475,-99.070278,16 Aguascalientes,21.880833,-102.296111,2062
24 San Luis PotosÃ­,22.603333,-100.429722,32 Durango,24.934722,-104.911944,2048
44 Jalisco,20.566667,-103.676389,40 Tabasco,17.972222,-92.588889,2041
02 Baja California,29.95,-115.116667,6 Coahuila de Zaragoza,27.302222,-102.044722,2039
06 Colima,19.096667,-103.960833,30 Sinaloa,25.002778,-107.502778,2018
02 Baja California,29.95,-115.116667,18 Morelos,18.7475,-99.070278,2012
02 Baja California,29.95,-115.116667,24 Quintana Roo,19.6,-87.916667,2011
32 Zacatecas,23.292778,-102.700556,60 Veracruz de Ignacio de la Llave,19.434722,-96.383056,2009
48 Nayarit,21.743889,-105.228333,39 QuerÃ©taro,20.591,-100.391,2001
27 Tabasco,17.972222,-92.588889,51 Sonora,29.646111,-110.868889,1997
06 Colima,19.096667,-103.960833,16 Guanajuato,21.018889,-101.262778,1994
02 Baja California,29.95,-115.116667,33 Zacatecas,23.292778,-102.700556,1994
55 Sinaloa,25.002778,-107.502778,56 Zacatecas,23.292778,-102.700556,1990
43 Hidalgo,20.478333,-98.863611,37 Sinaloa,25.002778,-107.502778,1989
17 Morelos,18.7475,-99.070278,20 Coahuila de Zaragoza,27.302222,-102.044722,1976
47 Morelos,18.7475,-99.070278,47 YucatÃ¡n,20.833333,-89,1946
19 Nuevo LeÃ³n,25.566667,-99.970556,33 MichoacÃ¡n de Ocampo,19.168611,-101.899722,1934
25 Sinaloa,25.002778,-107.502778,36 Hidalgo,20.478333,-98.863611,1929
32 Zacatecas,23.292778,-102.700556,43 Hidalgo,20.478333,-98.863611,1924
31 Yucatán,20.833333,-89,31 Baja California,29.95,-115.116667,1910
22 Querétaro,20.591,-100.391,25 Coahuila de Zaragoza,27.302222,-102.044722,1900
08 Chihuahua,28.814167,-106.439444,10 Campeche,18.836389,-90.403333,1888
31 Yucatán,20.833333,-89,36 Chiapas,16.41,-92.408611,1887
26 Sonora,29.646111,-110.868889,44 Oaxaca,16.898056,-96.414167,1878
21 Puebla,19.003611,-97.888333,25 Colima,19.096667,-103.960833,1871
25 Sinaloa,25.002778,-107.502778,40 Morelos,18.7475,-99.070278,1871
41 Guanajuato,21.018889,-101.262778,39 Tlaxcala,19.428889,-98.160833,1857
08 Chihuahua,28.814167,-106.439444,13 Chiapas,16.41,-92.408611,1851
22 QuerÃ©taro,20.591,-100.391,37 Morelos,18.7475,-99.070278,1846
26 Sonora,29.646111,-110.868889,48 San Luis PotosÃ­,22.603333,-100.429722,1835
21 Puebla,19.003611,-97.888333,29 Durango,24.934722,-104.911944,1829
23 Quintana Roo,19.6,-87.916667,35 Jalisco,20.566667,-103.676389,1820
06 Colima,19.096667,-103.960833,31 Sonora,29.646111,-110.868889,1809
08 Chihuahua,28.814167,-106.439444,25 Nayarit,21.743889,-105.228333,1800
51 Puebla,19.003611,-97.888333,52 Zacatecas,23.292778,-102.700556,1790
18 Nayarit,21.743889,-105.228333,17 Aguascalientes,21.880833,-102.296111,1788
31 YucatÃ¡n,20.833333,-89,50 Puebla,19.003611,-97.888333,1786
23 Quintana Roo,19.6,-87.916667,42 Puebla,19.003611,-97.888333,1784
44 Jalisco,20.566667,-103.676389,42 Tlaxcala,19.428889,-98.160833,1783
49 Nuevo LeÃ³n,25.566667,-99.970556,38 Oaxaca,16.898056,-96.414167,1780
05 Coahuila de Zaragoza,27.302222,-102.044722,17 Hidalgo,20.478333,-98.863611,1767
11 Guanajuato,21.018889,-101.262778,13 Campeche,18.836389,-90.403333,1762
22 QuerÃ©taro,20.591,-100.391,21 Aguascalientes,21.880833,-102.296111,1755
25 Sinaloa,25.002778,-107.502778,30 Chiapas,16.41,-92.408611,1751
47 Morelos,18.7475,-99.070278,40 San Luis PotosÃ­,22.603333,-100.429722,1746
52 QuerÃ©taro,20.591,-100.391,44 Quintana Roo,19.6,-87.916667,1739
12 Guerrero,17.613056,-99.95,20 Durango,24.934722,-104.911944,1736
43 Hidalgo,20.478333,-98.863611,43 YucatÃ¡n,20.833333,-89,1732
07 Chiapas,16.41,-92.408611,6 Aguascalientes,21.880833,-102.296111,1731
13 Hidalgo,20.478333,-98.863611,18 Chiapas,16.41,-92.408611,1717
47 Morelos,18.7475,-99.070278,45 Tlaxcala,19.428889,-98.160833,1715
27 Tabasco,17.972222,-92.588889,42 Morelos,18.7475,-99.070278,1696
03 Baja California Sur,25.846111,-111.972778,14 Guerrero,17.613056,-99.95,1695
06 Colima,19.096667,-103.960833,24 Nuevo LeÃ³n,25.566667,-99.970556,1685
23 Quintana Roo,19.6,-87.916667,40 Nuevo LeÃ³n,25.566667,-99.970556,1680
32 Zacatecas,23.292778,-102.700556,36 Colima,19.096667,-103.960833,1660
40 Durango,24.934722,-104.911944,30 Puebla,19.003611,-97.888333,1637
43 Hidalgo,20.478333,-98.863611,39 Tabasco,17.972222,-92.588889,1635
02 Baja California,29.95,-115.116667,29 Tamaulipas,24.287222,-98.563333,1634
19 Nuevo León,25.566667,-99.970556,24 Chiapas,16.41,-92.408611,1618
47 Morelos,18.7475,-99.070278,41 Sinaloa,25.002778,-107.502778,1592
04 Campeche,18.836389,-90.403333,4 Baja California,29.95,-115.116667,1582
32 Zacatecas,23.292778,-102.700556,51 Puebla,19.003611,-97.888333,1572
20 Oaxaca,16.898056,-96.414167,28 Durango,24.934722,-104.911944,1570
11 Guanajuato,21.018889,-101.262778,16 Chiapas,16.41,-92.408611,1569
08 Chihuahua,28.814167,-106.439444,24 Morelos,18.7475,-99.070278,1569
06 Colima,19.096667,-103.960833,35 Veracruz de Ignacio de la Llave,19.434722,-96.383056,1569
34 Campeche,18.836389,-90.403333,11 Chihuahua,28.814167,-106.439444,1557
42 Guerrero,17.613056,-99.95,43 Zacatecas,23.292778,-102.700556,1553
06 Colima,19.096667,-103.960833,7 Baja California Sur,25.846111,-111.972778,1550
22 Querétaro,20.591,-100.391,28 Chihuahua,28.814167,-106.439444,1547
40 Durango,24.934722,-104.911944,22 Hidalgo,20.478333,-98.863611,1543
26 Sonora,29.646111,-110.868889,25 Aguascalientes,21.880833,-102.296111,1532
26 Sonora,29.646111,-110.868889,47 Quintana Roo,19.6,-87.916667,1530
43 Hidalgo,20.478333,-98.863611,44 Zacatecas,23.292778,-102.700556,1524
27 Tabasco,17.972222,-92.588889,49 San Luis PotosÃ­,22.603333,-100.429722,1520
24 San Luis PotosÃ­,22.603333,-100.429722,42 Oaxaca,16.898056,-96.414167,1513
08 Chihuahua,28.814167,-106.439444,38 YucatÃ¡n,20.833333,-89,1513
04 Campeche,18.836389,-90.403333,24 Puebla,19.003611,-97.888333,1509
49 Nuevo LeÃ³n,25.566667,-99.970556,45 Tabasco,17.972222,-92.588889,1506
10 Durango,24.934722,-104.911944,12 Campeche,18.836389,-90.403333,1503
29 Tlaxcala,19.428889,-98.160833,47 Oaxaca,16.898056,-96.414167,1490
55 Sinaloa,25.002778,-107.502778,55 YucatÃ¡n,20.833333,-89,1490
26 Sonora,29.646111,-110.868889,36 Guerrero,17.613056,-99.95,1483
27 Tabasco,17.972222,-92.588889,31 Colima,19.096667,-103.960833,1468
03 Baja California Sur,25.846111,-111.972778,17 MÃ©xico,19.354167,-99.630833,1464
19 Nuevo LeÃ³n,25.566667,-99.970556,34 Morelos,18.7475,-99.070278,1459
05 Coahuila de Zaragoza,27.302222,-102.044722,21 Morelos,18.7475,-99.070278,1452
03 Baja California Sur,25.846111,-111.972778,Ciudad de MÃ©xico,19.419444,-99.145556,1438
48 Nayarit,21.743889,-105.228333,47 Veracruz de Ignacio de la Llave,19.434722,-96.383056,1428
28 Tamaulipas,24.287222,-98.563333,38 Guerrero,17.613056,-99.95,1424
24 San Luis PotosÃ­,22.603333,-100.429722,40 Nayarit,21.743889,-105.228333,1423
01 Aguascalientes,21.880833,-102.296111,10 Durango,24.934722,-104.911944,1417
47 Morelos,18.7475,-99.070278,34 Nayarit,21.743889,-105.228333,1415
14 Jalisco,20.566667,-103.676389,16 Campeche,18.836389,-90.403333,1405
54 San Luis PotosÃ­,22.603333,-100.429722,50 Tabasco,17.972222,-92.588889,1395
27 Tabasco,17.972222,-92.588889,28 Baja California Sur,25.846111,-111.972778,1378
04 Campeche,18.836389,-90.403333,17 Jalisco,20.566667,-103.676389,1378
28 Tamaulipas,24.287222,-98.563333,29 Baja California Sur,25.846111,-111.972778,1377
06 Colima,19.096667,-103.960833,17 Guerrero,17.613056,-99.95,1371
05 Coahuila de Zaragoza,27.302222,-102.044722,35 YucatÃ¡n,20.833333,-89,1367
28 Tamaulipas,24.287222,-98.563333,32 Colima,19.096667,-103.960833,1364
32 Zacatecas,23.292778,-102.700556,47 Morelos,18.7475,-99.070278,1363
29 Tlaxcala,19.428889,-98.160833,43 MichoacÃ¡n de Ocampo,19.168611,-101.899722,1359
17 Morelos,18.7475,-99.070278,22 Chiapas,16.41,-92.408611,1357
08 Chihuahua,28.814167,-106.439444,19 Guerrero,17.613056,-99.95,1357
27 Tabasco,17.972222,-92.588889,50 Sinaloa,25.002778,-107.502778,1354
43 Hidalgo,20.478333,-98.863611,30 Nayarit,21.743889,-105.228333,1352
01 Aguascalientes,21.880833,-102.296111,26 Sonora,29.646111,-110.868889,1352
24 San Luis Potosí,22.603333,-100.429722,25 Baja California Sur,25.846111,-111.972778,1344
28 Tamaulipas,24.287222,-98.563333,44 Nayarit,21.743889,-105.228333,1341
01 Aguascalientes,21.880833,-102.296111,16 MichoacÃ¡n de Ocampo,19.168611,-101.899722,1338
48 Nayarit,21.743889,-105.228333,40 Quintana Roo,19.6,-87.916667,1330
23 Quintana Roo,19.6,-87.916667,23 Baja California,29.95,-115.116667,1319
19 Nuevo León,25.566667,-99.970556,20 Baja California Sur,25.846111,-111.972778,1310
29 Tlaxcala,19.428889,-98.160833,30 Baja California Sur,25.846111,-111.972778,1282
26 Sonora,29.646111,-110.868889,30 Colima,19.096667,-103.960833,1282
02 Baja California,29.95,-115.116667,25 San Luis PotosÃ­,22.603333,-100.429722,1278
06 Colima,19.096667,-103.960833,27 QuerÃ©taro,20.591,-100.391,1266
13 Hidalgo,20.478333,-98.863611,17 Colima,19.096667,-103.960833,1254
26 Sonora,29.646111,-110.868889,37 Hidalgo,20.478333,-98.863611,1252
26 Sonora,29.646111,-110.868889,31 Chiapas,16.41,-92.408611,1241
41 Guanajuato,21.018889,-101.262778,37 Tabasco,17.972222,-92.588889,1241
22 QuerÃ©taro,20.591,-100.391,38 Nayarit,21.743889,-105.228333,1235
01 Aguascalientes,21.880833,-102.296111,30 Veracruz de Ignacio de la Llave,19.434722,-96.383056,1220
24 San Luis PotosÃ­,22.603333,-100.429722,34 Guerrero,17.613056,-99.95,1212
31 YucatÃ¡n,20.833333,-89,51 QuerÃ©taro,20.591,-100.391,1210
50 Oaxaca,16.898056,-96.414167,51 Zacatecas,23.292778,-102.700556,1206
06 Colima,19.096667,-103.960833,33 Tamaulipas,24.287222,-98.563333,1205
04 Campeche,18.836389,-90.403333,23 Oaxaca,16.898056,-96.414167,1202
05 Coahuila de Zaragoza,27.302222,-102.044722,22 Nayarit,21.743889,-105.228333,1175
48 Nayarit,21.743889,-105.228333,45 Tamaulipas,24.287222,-98.563333,1174
54 San Luis PotosÃ­,22.603333,-100.429722,54 YucatÃ¡n,20.833333,-89,1171
23 Quintana Roo,19.6,-87.916667,41 Oaxaca,16.898056,-96.414167,1168
01 Aguascalientes,21.880833,-102.296111,21 Puebla,19.003611,-97.888333,1159
18 Nayarit,21.743889,-105.228333,21 Coahuila de Zaragoza,27.302222,-102.044722,1156
31 YucatÃ¡n,20.833333,-89,57 Tamaulipas,24.287222,-98.563333,1154
01 Aguascalientes,21.880833,-102.296111,18 Nayarit,21.743889,-105.228333,1150
08 Chihuahua,28.814167,-106.439444,34 Tabasco,17.972222,-92.588889,1149
24 San Luis Potosí,22.603333,-100.429722,28 Colima,19.096667,-103.960833,1138
27 Tabasco,17.972222,-92.588889,37 Guerrero,17.613056,-99.95,1136
57 Tabasco,17.972222,-92.588889,55 Tlaxcala,19.428889,-98.160833,1125
56 Sonora,29.646111,-110.868889,57 Zacatecas,23.292778,-102.700556,1116
32 Zacatecas,23.292778,-102.700556,53 Quintana Roo,19.6,-87.916667,1114
29 Tlaxcala,19.428889,-98.160833,55 Tamaulipas,24.287222,-98.563333,1096
26 Sonora,29.646111,-110.868889,41 Morelos,18.7475,-99.070278,1093
07 Chiapas,16.41,-92.408611,16 Durango,24.934722,-104.911944,1089
03 Baja California Sur,25.846111,-111.972778,22 Oaxaca,16.898056,-96.414167,1088
40 Durango,24.934722,-104.911944,26 Morelos,18.7475,-99.070278,1079
56 Sonora,29.646111,-110.868889,56 YucatÃ¡n,20.833333,-89,1077
13 Hidalgo,20.478333,-98.863611,21 Durango,24.934722,-104.911944,1074
31 Yucatán,20.833333,-89,37 Chihuahua,28.814167,-106.439444,1066
29 Tlaxcala,19.428889,-98.160833,35 Chihuahua,28.814167,-106.439444,1060
01 Aguascalientes,21.880833,-102.296111,13 Hidalgo,20.478333,-98.863611,1055
52 QuerÃ©taro,20.591,-100.391,47 Sonora,29.646111,-110.868889,1054
22 QuerÃ©taro,20.591,-100.391,40 Oaxaca,16.898056,-96.414167,1045
35 Coahuila de Zaragoza,27.302222,-102.044722,11 Chiapas,16.41,-92.408611,1044
32 Zacatecas,23.292778,-102.700556,34 Campeche,18.836389,-90.403333,1042
31 YucatÃ¡n,20.833333,-89,49 Oaxaca,16.898056,-96.414167,1040
01 Aguascalientes,21.880833,-102.296111,23 Quintana Roo,19.6,-87.916667,1036
55 Sinaloa,25.002778,-107.502778,51 Tabasco,17.972222,-92.588889,1034
05 Coahuila de Zaragoza,27.302222,-102.044722,24 Oaxaca,16.898056,-96.414167,1032
48 Nayarit,21.743889,-105.228333,38 Puebla,19.003611,-97.888333,1032
53 Quintana Roo,19.6,-87.916667,50 Tamaulipas,24.287222,-98.563333,1030
10 Durango,24.934722,-104.911944,14 Colima,19.096667,-103.960833,1021
02 Baja California,29.95,-115.116667,32 YucatÃ¡n,20.833333,-89,1021
47 Morelos,18.7475,-99.070278,43 Tabasco,17.972222,-92.588889,1011
29 Tlaxcala,19.428889,-98.160833,32 Coahuila de Zaragoza,27.302222,-102.044722,1002
48 Nayarit,21.743889,-105.228333,41 San Luis PotosÃ­,22.603333,-100.429722,999
05 Coahuila de Zaragoza,27.302222,-102.044722,31 Tabasco,17.972222,-92.588889,994
23 Quintana Roo,19.6,-87.916667,24 Baja California Sur,25.846111,-111.972778,989
29 Tlaxcala,19.428889,-98.160833,51 San Luis PotosÃ­,22.603333,-100.429722,989
06 Colima,19.096667,-103.960833,28 Quintana Roo,19.6,-87.916667,988
18 Nayarit,21.743889,-105.228333,28 Guerrero,17.613056,-99.95,986
08 Chihuahua,28.814167,-106.439444,12 Colima,19.096667,-103.960833,979
03 Baja California Sur,25.846111,-111.972778,20 Nayarit,21.743889,-105.228333,979
01 Aguascalientes,21.880833,-102.296111,25 Sinaloa,25.002778,-107.502778,972
23 Quintana Roo,19.6,-87.916667,43 QuerÃ©taro,20.591,-100.391,968
03 Baja California Sur,25.846111,-111.972778,32 Veracruz de Ignacio de la Llave,19.434722,-96.383056,964
22 QuerÃ©taro,20.591,-100.391,32 Guerrero,17.613056,-99.95,958
25 Sinaloa,25.002778,-107.502778,27 Campeche,18.836389,-90.403333,948
31 YucatÃ¡n,20.833333,-89,40 Guanajuato,21.018889,-101.262778,927
52 QuerÃ©taro,20.591,-100.391,52 YucatÃ¡n,20.833333,-89,917
22 Querétaro,20.591,-100.391,23 Baja California Sur,25.846111,-111.972778,908
54 San Luis PotosÃ­,22.603333,-100.429722,52 Tlaxcala,19.428889,-98.160833,907
29 Tlaxcala,19.428889,-98.160833,34 Chiapas,16.41,-92.408611,904
35 Coahuila de Zaragoza,27.302222,-102.044722,10 Colima,19.096667,-103.960833,893
23 Quintana Roo,19.6,-87.916667,33 Guerrero,17.613056,-99.95,882
27 Tabasco,17.972222,-92.588889,43 Nayarit,21.743889,-105.228333,881
03 Baja California Sur,25.846111,-111.972778,21 Nuevo LeÃ³n,25.566667,-99.970556,870
24 San Luis Potosí,22.603333,-100.429722,26 Campeche,18.836389,-90.403333,865
13 Hidalgo,20.478333,-98.863611,15 Campeche,18.836389,-90.403333,862
24 Colima,19.096667,-103.960833,13 Chihuahua,28.814167,-106.439444,862
52 QuerÃ©taro,20.591,-100.391,46 Sinaloa,25.002778,-107.502778,853
17 Morelos,18.7475,-99.070278,21 Colima,19.096667,-103.960833,852
19 Nuevo LeÃ³n,25.566667,-99.970556,35 Nayarit,21.743889,-105.228333,850
24 San Luis Potosí,22.603333,-100.429722,29 Chiapas,16.41,-92.408611,845
07 Chiapas,16.41,-92.408611,38 Zacatecas,23.292778,-102.700556,845
06 Colima,19.096667,-103.960833,5 Aguascalientes,21.880833,-102.296111,835
02 Baja California,29.95,-115.116667,30 Tlaxcala,19.428889,-98.160833,824
23 Quintana Roo,19.6,-87.916667,29 Chihuahua,28.814167,-106.439444,816
18 Nayarit,21.743889,-105.228333,23 Chiapas,16.41,-92.408611,815
18 Nayarit,21.743889,-105.228333,33 Morelos,18.7475,-99.070278,815
04 Campeche,18.836389,-90.403333,25 QuerÃ©taro,20.591,-100.391,815
54 Tamaulipas,24.287222,-98.563333,56 Tlaxcala,19.428889,-98.160833,814
40 Durango,24.934722,-104.911944,29 Oaxaca,16.898056,-96.414167,811
34 Campeche,18.836389,-90.403333,8 Coahuila de Zaragoza,27.302222,-102.044722,803
02 Baja California,29.95,-115.116667,28 Tabasco,17.972222,-92.588889,802
03 Baja California Sur,25.846111,-111.972778,23 Puebla,19.003611,-97.888333,798
18 Nayarit,21.743889,-105.228333,29 Hidalgo,20.478333,-98.863611,795
10 Durango,24.934722,-104.911944,15 Chiapas,16.41,-92.408611,780
19 Nuevo LeÃ³n,25.566667,-99.970556,29 Guerrero,17.613056,-99.95,775
29 Tlaxcala,19.428889,-98.160833,53 Sonora,29.646111,-110.868889,770
06 Colima,19.096667,-103.960833,26 Puebla,19.003611,-97.888333,765
52 QuerÃ©taro,20.591,-100.391,53 Zacatecas,23.292778,-102.700556,764
19 Nuevo León,25.566667,-99.970556,23 Colima,19.096667,-103.960833,760
05 Coahuila de Zaragoza,27.302222,-102.044722,16 Guerrero,17.613056,-99.95,755
19 Nuevo León,25.566667,-99.970556,21 Campeche,18.836389,-90.403333,743
29 Tlaxcala,19.428889,-98.160833,28 Aguascalientes,21.880833,-102.296111,741
29 Tlaxcala,19.428889,-98.160833,39 Guerrero,17.613056,-99.95,741
52 QuerÃ©taro,20.591,-100.391,50 Tlaxcala,19.428889,-98.160833,733
40 Durango,24.934722,-104.911944,21 Guerrero,17.613056,-99.95,732
31 YucatÃ¡n,20.833333,-89,46 Morelos,18.7475,-99.070278,726
03 Baja California Sur,25.846111,-111.972778,18 MichoacÃ¡n de Ocampo,19.168611,-101.899722,724
27 Tabasco,17.972222,-92.588889,26 Aguascalientes,21.880833,-102.296111,720
22 Querétaro,20.591,-100.391,27 Chiapas,16.41,-92.408611,706
06 Colima,19.096667,-103.960833,9 Coahuila de Zaragoza,27.302222,-102.044722,705
04 Campeche,18.836389,-90.403333,14 Guanajuato,21.018889,-101.262778,705
40 Durango,24.934722,-104.911944,40 YucatÃ¡n,20.833333,-89,701
01 Aguascalientes,21.880833,-102.296111,17 Morelos,18.7475,-99.070278,696
04 Campeche,18.836389,-90.403333,19 MichoacÃ¡n de Ocampo,19.168611,-101.899722,694
48 Nayarit,21.743889,-105.228333,37 Oaxaca,16.898056,-96.414167,689
23 Quintana Roo,19.6,-87.916667,32 Guanajuato,21.018889,-101.262778,684
03 Baja California Sur,25.846111,-111.972778,10 Chihuahua,28.814167,-106.439444,682
05 Coahuila de Zaragoza,27.302222,-102.044722,7 Campeche,18.836389,-90.403333,677
01 Aguascalientes,21.880833,-102.296111,06 Colima,19.096667,-103.960833,677
31 Yucatán,20.833333,-89,34 Coahuila de Zaragoza,27.302222,-102.044722,675
03 Baja California Sur,25.846111,-111.972778,13 Guanajuato,21.018889,-101.262778,671
23 Quintana Roo,19.6,-87.916667,38 Morelos,18.7475,-99.070278,669
03 Baja California Sur,25.846111,-111.972778,12 Durango,24.934722,-104.911944,668
31 YucatÃ¡n,20.833333,-89,42 Hidalgo,20.478333,-98.863611,663
22 Querétaro,20.591,-100.391,26 Colima,19.096667,-103.960833,651
22 QuerÃ©taro,20.591,-100.391,30 Durango,24.934722,-104.911944,649
23 Quintana Roo,19.6,-87.916667,26 Coahuila de Zaragoza,27.302222,-102.044722,622
32 Zacatecas,23.292778,-102.700556,42 Guerrero,17.613056,-99.95,620
06 Colima,19.096667,-103.960833,25 Oaxaca,16.898056,-96.414167,617
29 Tlaxcala,19.428889,-98.160833,52 Sinaloa,25.002778,-107.502778,611
31 YucatÃ¡n,20.833333,-89,55 Sonora,29.646111,-110.868889,604
29 Tlaxcala,19.428889,-98.160833,54 Tabasco,17.972222,-92.588889,603
32 Zacatecas,23.292778,-102.700556,50 Oaxaca,16.898056,-96.414167,598
23 Quintana Roo,19.6,-87.916667,34 Hidalgo,20.478333,-98.863611,596
06 Colima,19.096667,-103.960833,29 San Luis PotosÃ­,22.603333,-100.429722,595
02 Baja California,29.95,-115.116667,5 Campeche,18.836389,-90.403333,591
06 Colima,19.096667,-103.960833,18 Hidalgo,20.478333,-98.863611,590
59 Tlaxcala,19.428889,-98.160833,59 YucatÃ¡n,20.833333,-89,590
17 Morelos,18.7475,-99.070278,19 Campeche,18.836389,-90.403333,586
56 Sonora,29.646111,-110.868889,52 Tabasco,17.972222,-92.588889,571
23 Quintana Roo,19.6,-87.916667,37 MichoacÃ¡n de Ocampo,19.168611,-101.899722,568
57 Tabasco,17.972222,-92.588889,58 Zacatecas,23.292778,-102.700556,567
17 Morelos,18.7475,-99.070278,25 Durango,24.934722,-104.911944,559
24 Colima,19.096667,-103.960833,12 Chiapas,16.41,-92.408611,558
31 Yucatán,20.833333,-89,32 Baja California Sur,25.846111,-111.972778,550
31 YucatÃ¡n,20.833333,-89,45 MichoacÃ¡n de Ocampo,19.168611,-101.899722,541
01 Aguascalientes,21.880833,-102.296111,03 Baja California Sur,25.846111,-111.972778,540
06 Colima,19.096667,-103.960833,37 Zacatecas,23.292778,-102.700556,535
55 Sinaloa,25.002778,-107.502778,53 Tlaxcala,19.428889,-98.160833,532
08 Chihuahua,28.814167,-106.439444,36 Tlaxcala,19.428889,-98.160833,519
47 Morelos,18.7475,-99.070278,48 Zacatecas,23.292778,-102.700556,490
03 Baja California Sur,25.846111,-111.972778,24 QuerÃ©taro,20.591,-100.391,483
32 Zacatecas,23.292778,-102.700556,37 Chiapas,16.41,-92.408611,482
03 Baja California Sur,25.846111,-111.972778,25 Quintana Roo,19.6,-87.916667,477
04 Campeche,18.836389,-90.403333,28 Sinaloa,25.002778,-107.502778,475
32 Zacatecas,23.292778,-102.700556,61 YucatÃ¡n,20.833333,-89,469
04 Campeche,18.836389,-90.403333,16 Hidalgo,20.478333,-98.863611,468
06 Colima,19.096667,-103.960833,22 Morelos,18.7475,-99.070278,468
31 YucatÃ¡n,20.833333,-89,54 Sinaloa,25.002778,-107.502778,462
03 Baja California Sur,25.846111,-111.972778,9 Chiapas,16.41,-92.408611,459
27 Tabasco,17.972222,-92.588889,35 Durango,24.934722,-104.911944,457
04 Campeche,18.836389,-90.403333,5 Baja California Sur,25.846111,-111.972778,450
04 Campeche,18.836389,-90.403333,20 Morelos,18.7475,-99.070278,449
31 YucatÃ¡n,20.833333,-89,41 Guerrero,17.613056,-99.95,448
31 YucatÃ¡n,20.833333,-89,53 San Luis PotosÃ­,22.603333,-100.429722,447
05 Coahuila de Zaragoza,27.302222,-102.044722,33 Tlaxcala,19.428889,-98.160833,445
26 Sonora,29.646111,-110.868889,28 Campeche,18.836389,-90.403333,440
04 Campeche,18.836389,-90.403333,29 Sonora,29.646111,-110.868889,439
56 Sonora,29.646111,-110.868889,54 Tlaxcala,19.428889,-98.160833,432
03 Baja California Sur,25.846111,-111.972778,7 Coahuila de Zaragoza,27.302222,-102.044722,429
49 Nuevo LeÃ³n,25.566667,-99.970556,47 Tlaxcala,19.428889,-98.160833,428
32 Zacatecas,23.292778,-102.700556,59 Tlaxcala,19.428889,-98.160833,423
40 Durango,24.934722,-104.911944,36 Tabasco,17.972222,-92.588889,414
01 Aguascalientes,21.880833,-102.296111,31 YucatÃ¡n,20.833333,-89,410
48 Nayarit,21.743889,-105.228333,48 YucatÃ¡n,20.833333,-89,400
23 Quintana Roo,19.6,-87.916667,39 Nayarit,21.743889,-105.228333,397
04 Campeche,18.836389,-90.403333,15 Guerrero,17.613056,-99.95,394
53 Quintana Roo,19.6,-87.916667,48 Sonora,29.646111,-110.868889,390
52 QuerÃ©taro,20.591,-100.391,48 Tabasco,17.972222,-92.588889,387
06 Colima,19.096667,-103.960833,36 YucatÃ¡n,20.833333,-89,374
04 Campeche,18.836389,-90.403333,27 San Luis PotosÃ­,22.603333,-100.429722,373
29 Tlaxcala,19.428889,-98.160833,31 Campeche,18.836389,-90.403333,371
29 Tlaxcala,19.428889,-98.160833,45 Nayarit,21.743889,-105.228333,371
32 Zacatecas,23.292778,-102.700556,57 Tabasco,17.972222,-92.588889,365
48 Nayarit,21.743889,-105.228333,44 Tabasco,17.972222,-92.588889,361
31 YucatÃ¡n,20.833333,-89,30 Aguascalientes,21.880833,-102.296111,358
03 Baja California Sur,25.846111,-111.972778,8 Colima,19.096667,-103.960833,357
53 Quintana Roo,19.6,-87.916667,47 Sinaloa,25.002778,-107.502778,344
29 Tlaxcala,19.428889,-98.160833,33 Colima,19.096667,-103.960833,342
18 Nayarit,21.743889,-105.228333,20 Campeche,18.836389,-90.403333,338
40 Durango,24.934722,-104.911944,38 Tlaxcala,19.428889,-98.160833,338
01 Aguascalientes,21.880833,-102.296111,20 Oaxaca,16.898056,-96.414167,333
22 Querétaro,20.591,-100.391,24 Campeche,18.836389,-90.403333,324
53 Quintana Roo,19.6,-87.916667,46 San Luis PotosÃ­,22.603333,-100.429722,323
59 Tlaxcala,19.428889,-98.160833,60 Zacatecas,23.292778,-102.700556,322
03 Baja California Sur,25.846111,-111.972778,30 Tamaulipas,24.287222,-98.563333,310
01 Aguascalientes,21.880833,-102.296111,12 Guerrero,17.613056,-99.95,304
06 Colima,19.096667,-103.960833,8 Campeche,18.836389,-90.403333,296
23 Quintana Roo,19.6,-87.916667,31 Durango,24.934722,-104.911944,296
31 Yucatán,20.833333,-89,35 Colima,19.096667,-103.960833,294
06 Colima,19.096667,-103.960833,15 Durango,24.934722,-104.911944,290
06 Colima,19.096667,-103.960833,32 Tabasco,17.972222,-92.588889,290
01 Aguascalientes,21.880833,-102.296111,29 Tlaxcala,19.428889,-98.160833,288
01 Aguascalientes,21.880833,-102.296111,07 Chiapas,16.41,-92.408611,285
34 Campeche,18.836389,-90.403333,9 Colima,19.096667,-103.960833,266
03 Baja California Sur,25.846111,-111.972778,15 Hidalgo,20.478333,-98.863611,266
23 Quintana Roo,19.6,-87.916667,22 Aguascalientes,21.880833,-102.296111,261
53 Quintana Roo,19.6,-87.916667,51 Tlaxcala,19.428889,-98.160833,259
31 YucatÃ¡n,20.833333,-89,58 Tlaxcala,19.428889,-98.160833,259
04 Campeche,18.836389,-90.403333,13 Durango,24.934722,-104.911944,252
03 Baja California Sur,25.846111,-111.972778,19 Morelos,18.7475,-99.070278,251
03 Baja California Sur,25.846111,-111.972778,26 San Luis PotosÃ­,22.603333,-100.429722,246
29 Tlaxcala,19.428889,-98.160833,37 Durango,24.934722,-104.911944,245
03 Baja California Sur,25.846111,-111.972778,2 Aguascalientes,21.880833,-102.296111,243
31 YucatÃ¡n,20.833333,-89,47 Nayarit,21.743889,-105.228333,240
04 Campeche,18.836389,-90.403333,21 Nayarit,21.743889,-105.228333,230
04 Campeche,18.836389,-90.403333,35 Zacatecas,23.292778,-102.700556,229
04 Campeche,18.836389,-90.403333,32 Tlaxcala,19.428889,-98.160833,227
04 Campeche,18.836389,-90.403333,3 Aguascalientes,21.880833,-102.296111,221
48 Nayarit,21.743889,-105.228333,46 Tlaxcala,19.428889,-98.160833,221
23 Quintana Roo,19.6,-87.916667,27 Colima,19.096667,-103.960833,217
31 YucatÃ¡n,20.833333,-89,39 Durango,24.934722,-104.911944,199
03 Baja California Sur,25.846111,-111.972778,33 YucatÃ¡n,20.833333,-89,198
61 YucatÃ¡n,20.833333,-89,62 Zacatecas,23.292778,-102.700556,197
01 Aguascalientes,21.880833,-102.296111,27 Tabasco,17.972222,-92.588889,175
03 Baja California Sur,25.846111,-111.972778,34 Zacatecas,23.292778,-102.700556,166
06 Colima,19.096667,-103.960833,34 Tlaxcala,19.428889,-98.160833,150
03 Baja California Sur,25.846111,-111.972778,31 Tlaxcala,19.428889,-98.160833,132
01 Aguascalientes,21.880833,-102.296111,04 Campeche,18.836389,-90.403333,123
53 Quintana Roo,19.6,-87.916667,54 Zacatecas,23.292778,-102.700556,109
03 Baja California Sur,25.846111,-111.972778,29 Tabasco,17.972222,-92.588889,84
03 Baja California Sur,25.846111,-111.972778,6 Campeche,18.836389,-90.403333,80
